0,-54.3757618781949
0.000400080016003201,-50.5095685493215
0.000800160032006401,-46.5665214601575
0.0012002400480096,-42.5684913734187
0.0016003200640128,-38.537274467787
0.002000400080016,-34.4944944069312
0.0024004800960192,-30.4615061279937
0.0028005601120224,-26.4593017341087
0.00320064012802561,-22.508418864878
0.00360072014402881,-18.6288519066489
0.00400080016003201,-14.8399663909902
0.00440088017603521,-11.1604169149789
0.00480096019203841,-7.60806890087784
0.00520104020804161,-4.19992449555167
0.00560112022404481,-0.952052891618223
0.00600120024004801,2.12047466707344
0.00640128025605121,5.00364495340534
0.00680136027205441,7.68455767742526
0.00720144028805761,10.1514750603282
0.00760152030406081,12.3938658858283
0.00800160032006401,14.4024438761458
0.00840168033606721,16.1692002637398
0.00880176035207041,17.687430454258
0.00920184036807361,18.9517547008433
0.00960192038407682,19.9581327348434
0.01000200040008,20.7038723230131
0.0104020804160832,21.1876317463793
0.0108021604320864,21.4094162209515
0.0112022404480896,21.3705683053253
0.0116023204640928,21.0737523648203
0.012002400480096,20.5229331860427
0.0124024804960992,19.7233488595541
0.0128025605121024,18.6814780715839
0.0132026405281056,17.4050019683404
0.0136027205441088,15.9027607783718
0.014002800560112,14.1847053995198
0.0144028805761152,12.2618441772098
0.0148029605921184,10.1461851200573
0.0152030406081216,7.85067381695736
0.0156031206241248,5.38912733691363
0.016003200640128,2.77616440875995
0.0164032806561312,0.0271321925957446
0.0168033606721344,-2.84197003187223
0.0172034406881376,-5.81456992286788
0.0176035207041408,-8.87360353210951
0.018003600720144,-12.0015988013487
0.0184036807361472,-15.1807607350933
0.0188037607521504,-18.3930578784785
0.0192038407681536,-21.6203097245298
0.0196039207841568,-24.8442746718617
0.02000400080016,-28.0467381522142
0.0204040808161632,-31.2096005471243
0.0208041608321664,-34.3149645144843
0.0212042408481696,-37.3452213487188
0.0216043208641728,-40.2831360028315
0.022004400880176,-43.1119304065985
0.0224044808961792,-45.8153647226696
0.0228045609121824,-48.3778161913169
0.0232046409281856,-50.7843552249081
0.0236047209441888,-53.0208184249351
0.024004800960192,-55.0738782074801
0.0244048809761952,-56.9311087373246
0.0248049609921984,-58.5810478864489
0.0252050410082016,-60.0132549493552
0.0256051210242048,-61.2183638654136
0.026005201040208,-62.1881317172051
0.0264052810562112,-62.9154822935552
0.0268053610722144,-63.3945445265072
0.0272054410882176,-63.6206856328322
0.0276055211042208,-63.5905388126926
0.028005601120224,-63.3020253807066
0.0284056811362272,-62.7543712277894
0.0288057611522304,-61.9481175357028
0.0292058411682336,-60.88512569011
0.0296059211842368,-59.5685763620346
0.03000600120024,-58.0029627518523
0.0304060812162432,-56.1940780141998
0.0308061612322464,-54.1489969063931
0.0312062412482496,-51.8760517269756
0.0316063212642528,-49.3848026348072
0.0320064012802561,-46.6860024625286
0.0324064812962593,-43.7915561612326
0.0328065613122624,-40.7144750356055
0.0332066413282657,-37.4688259506437
0.0336067213442689,-34.0696757121422
0.0340068013602721,-30.5330308434718
0.0344068813762753,-26.8757730005811
0.0348069613922785,-23.1155902856402
0.0352070414082817,-19.2709047371656
0.0356071214242849,-15.3607962908123
0.0360072014402881,-11.4049235201751
0.0364072814562913,-7.4234414808752
0.0368073614722945,-3.4369169938583
0.0372074414882977,0.533758284876114
0.0376075215043009,4.46745665095681
0.0380076015203041,8.3429046291038
0.0384076815363073,12.1387743686905
0.0388077615523105,15.8337757792061
0.0392078415683137,19.4067490233743
0.0396079215843169,22.8367569832186
0.0400080016003201,26.1031773133987
0.0404080816163233,29.1857936967736
0.0408081616323265,32.0648859192844
0.0412082416483297,34.7213183849807
0.0416083216643329,37.1366266972291
0.0420084016803361,39.2931019389142
0.0424084816963393,41.1738722926738
0.0428085617123425,42.7629816519227
0.0432086417283457,44.0454648845398
0.0436087217443489,45.007419423605
0.0440088017603521,45.6360728734254
0.0444088817763553,45.9198463342063
0.0448089617923585,45.8484131650853
0.0452090418083617,45.4127529227645
0.0456091218243649,44.605200231583
0.0460092018403681,43.4194883605226
0.0464092818563713,41.8507873032096
0.0468093618723745,39.895736178456
0.0472094418883777,37.5524697911037
0.0476095219043809,34.8206392159089
0.0480096019203841,31.7014262907355
0.0484096819363873,28.1975519294317
0.0488097619523905,24.31327818925
0.0492098419683937,20.0544040525276
0.0496099219843969,15.4282549074042
0.0500100020004001,10.4436657375732
0.0504100820164033,5.11095805631453
0.0508101620324065,-0.558089354765571
0.0512102420484097,-6.55027581681995
0.0516103220644129,-12.8510201244412
0.0520104020804161,-19.444407781291
0.0524104820964193,-26.3132439420654
0.0528105621124225,-33.4391118787729
0.0532106421284257,-40.8024367665251
0.0536107221444289,-48.3825545619968
0.0540108021604321,-56.1577857264867
0.0544108821764353,-64.1055135251923
0.0548109621924385,-72.2022666149752
0.0552110422084417,-80.4238056146235
0.0556111222244449,-88.7452133344881
0.0560112022404481,-97.1409883264407
0.0564112822564513,-105.585141400455
0.0568113622724545,-114.051294740788
0.0572114422884577,-122.512783242826
0.0576115223044609,-130.942757681142
0.0580116023204641,-139.314289310346
0.0584116823364673,-147.600475492796
0.0588117623524705,-155.774545941328
0.0592118423684737,-163.80996916083
0.0596119223844769,-171.68055866974
0.0600120024004801,-179.360578581444
0.0604120824164833,-186.824848126067
0.0608121624324865,-194.048844695301
0.0612122424484897,-201.008804996702
0.0616123224644929,-207.68182390928
0.0620124024804961,-214.045950639212
0.0624124824964993,-220.080281783124
0.0628125625125025,-225.765050916472
0.0632126425285057,-231.081714336289
0.0636127225445089,-236.013032600632
0.0640128025605121,-240.543147521692
0.0644128825765153,-244.657654285463
0.0648129625925185,-248.343668388136
0.0652130426085217,-251.589887097964
0.0656131226245249,-254.386645171034
0.0660132026405281,-256.725964570294
0.0664132826565313,-258.601597959053
0.0668133626725345,-260.009065763077
0.0672134426885377,-260.945686619147
0.0676135227045409,-261.410601052499
0.0680136027205441,-261.404788250834
0.0684136827365473,-260.931075828444
0.0688137627525505,-259.994142500366
0.0692138427685537,-258.600513613297
0.0696139227845569,-256.758549507074
0.0700140028005601,-254.478426707852
0.0704140828165633,-251.772111981542
0.0708141628325665,-248.65332930348
0.0712142428485697,-245.13751982763
0.0716143228645729,-241.241794965739
0.0720144028805761,-236.98488271368
0.0724144828965793,-232.387067388612
0.0728145629125825,-227.470122966463
0.0732146429285857,-222.257240234546
0.0736147229445889,-216.772947998654
0.0740148029605921,-211.043028607743
0.0744148829765953,-205.094428082208
0.0748149629925985,-198.955161153578
0.0752150430086017,-192.654211544316
0.0756151230246049,-186.221427836023
0.0760152030406081,-179.687415292779
0.0764152830566113,-173.083424023458
0.0768153630726145,-166.441233882611
0.0772154430886177,-159.793036523786
0.0776155231046209,-153.171315031986
0.0780156031206241,-146.6087215732
0.0784156831366273,-140.137953508627
0.0788157631526305,-133.791628429201
0.0792158431686337,-127.602158572431
0.0796159231846369,-121.601625088139
0.0800160032006401,-115.821652622696
0.0804160832166433,-110.293284692451
0.0808161632326465,-105.046860316542
0.0812162432486497,-100.111892376915
0.0816163232646529,-95.5169481693285
0.0820164032806561,-91.2895326032736
0.0824164832966593,-87.4559745012293
0.0828165633126625,-84.041316438396
0.0832166433286657,-81.0692085531413
0.0836167233446689,-78.5618067458336
0.0840168033606721,-76.53967566957
0.0844168833766753,-75.0216969006064
0.0848169633926785,-74.0249826590834
0.0852170434086817,-73.564795432004
0.0856171234246849,-73.6544738303998
0.0860172034406881,-74.3053649913054
0.0864172834566913,-75.5267638126123
0.0868173634726945,-77.3258592851742
0.0872174434886977,-79.7076881617764
0.0876175235047009,-82.6750961768516
0.0880176035207041,-86.2287070041886
0.0884176835367073,-90.3668991124795
0.0888177635527105,-95.0857906504423
0.0892178435687137,-100.379232464576
0.0896179235847169,-106.238809323411
0.0900180036007201,-112.653849392583
0.0904180836167233,-119.611441975208
0.0908181636327265,-127.096463502064
0.0912182436487297,-135.091611726032
0.091618323664733,-143.577448045243
0.0920184036807361,-152.532447849596
0.0924184836967393,-161.933058755715
0.0928185637127426,-171.753766566274
0.0932186437287457,-181.967168760963
0.0936187237447489,-192.54405529825
0.0940188037607522,-203.453496479771
0.0944188837767553,-214.662937602576
0.0948189637927585,-226.13830009882
0.0952190438087618,-237.844088837803
0.095619123824765,-249.743505241699
0.0960192038407681,-261.798565843915
0.0964192838567714,-273.970225897905
0.0968193638727746,-286.218507624436
0.0972194438887778,-298.502632667007
0.097619523904781,-310.781158308162
0.0980196039207842,-323.012116984179
0.0984196839367874,-335.15315862189
0.0988197639527906,-347.16169530932
0.0992198439687938,-358.99504780155
0.099619923984797,-370.610593354608
0.1000200040008,-381.965914373426
0.100420084016803,-393.018947354934
0.100820164032807,-403.728131604263
0.10122024404881,-414.052557200751
0.101620324064813,-423.952111691073
0.102020404080816,-433.387624989268
0.102420484096819,-442.321011967807
0.102820564112823,-450.715412230003
0.103220644128826,-458.53532656212
0.103620724144829,-465.746749573346
0.104020804160832,-472.31729804342
0.104420884176835,-478.216334511042
0.104820964192839,-483.415085651238
0.105221044208842,-487.886755006549
0.105621124224845,-491.606629655162
0.106021204240848,-494.552180418917
0.106421284256851,-496.703155235372
0.106821364272855,-498.041665340734
0.107221444288858,-498.552263934418
0.107621524304861,-498.222017021139
0.108021604320864,-497.040566152756
0.108421684336867,-495.000182819407
0.108821764352871,-492.09581426775
0.109221844368874,-488.325120553281
0.109621924384877,-483.68850266353
0.11002200440088,-478.189121579469
0.110422084416883,-471.832908173507
0.110822164432887,-464.628563873896
0.11122224444889,-456.587552057142
0.111622324464893,-447.724080161988
0.112022404480896,-438.055072550596
0.112422484496899,-427.600134174549
0.112822564512903,-416.381505135198
0.113222644528906,-404.424006259494
0.113622724544909,-391.754975843686
0.114022804560912,-378.404197748052
0.114422884576915,-364.403821056003
0.114822964592919,-349.788271540394
0.115223044608922,-334.594155208554
0.115623124624925,-318.860154225316
0.116023204640928,-302.626915540127
0.116423284656931,-285.93693256998
0.116823364672935,-268.834420314384
0.117223444688938,-251.365184301831
0.117623524704941,-233.576483789037
0.118023604720944,-215.516889654647
0.118423684736947,-197.236137448019
0.118823764752951,-178.784976070989
0.119223844768954,-160.215012586214
0.119623924784957,-141.578553659678
0.12002400480096,-122.928444157177
0.120424084816963,-104.317903425024
0.120824164832967,-85.8003597938915
0.12122424484897,-67.4292838513963
0.121624324864973,-49.2580210339664
0.122024404880976,-31.3396240914733
0.122424484896979,-13.7266859792111
0.122824564912983,3.52882626908772
0.123224644928986,20.3757361362132
0.123624724944989,36.7638201381493
0.124024804960992,52.6439677226823
0.124424884976995,67.9683380186226
0.124824964992999,82.6905129145357
0.125225045009002,96.76564595792
0.125625125025005,110.150606579567
0.126025205041008,122.804119163333
0.126425285057011,134.686896498689
0.126825365073015,145.761767172157
0.127225445089018,155.993796474016
0.127625525105021,165.350400418318
0.128025605121024,173.801452497419
0.128425685137027,181.319382816511
0.128825765153031,187.879269279308
0.129225845169034,193.458920522679
0.129625925185037,198.038950325771
0.13002600520104,201.602843247802
0.130426085217043,204.137011278169
0.130826165233047,205.630841312709
0.13122624524905,206.076733300741
0.131626325265053,205.470128938847
0.132026405281056,203.809530819021
0.132426485297059,201.096511970823
0.132826565313063,197.335715769326
0.133226645329066,192.534846212865
0.133626725345069,186.704648606752
0.134026805361072,179.858880721135
0.134426885377075,172.014274522906
0.134826965393079,163.190488612872
0.135227045409082,153.410051530288
0.135627125425085,142.698296117064
0.136027205441088,131.083285163498
0.136427285457091,118.595728586113
0.136827365473095,105.268892416026
0.137227445489098,91.1384999030194
0.137627525505101,76.242625066322
0.138027605521104,60.6215790475382
0.138427685537107,44.3177896445288
0.138827765553111,27.3756744269321
0.139227845569114,9.84150785457346
0.139627925585117,-8.2367171609957
0.14002800560112,-26.8094327940416
0.140428085617123,-45.8256444676557
0.140828165633127,-65.2330831543461
0.14122824564913,-84.978361313813
0.141628325665133,-105.007131956721
0.142028405681136,-125.264250314288
0.142428485697139,-145.693937586251
0.142828565713143,-166.239946234436
0.143228645729146,-186.845726285563
0.143628725745149,-207.454592105214
0.144028805761152,-228.009889105034
0.144428885777155,-248.455159847175
0.144828965793159,-268.734309013795
0.145229045809162,-288.791766715028
0.145629125825165,-308.572649616188
0.146029205841168,-328.02291937412
0.146429285857171,-347.089537883436
0.146829365873175,-365.720618845842
0.147229445889178,-383.865575189945
0.147629525905181,-401.47526188455
0.148029605921184,-418.502113705661
0.148429685937187,-434.900277536031
0.148829765953191,-450.625738796095
0.149229845969194,-465.636441626349
0.149629925985197,-479.892402463812
0.1500300060012,-493.355816678752
0.150430086017203,-505.991157962563
0.150830166033207,-517.765270183268
0.15123024604921,-528.647451451619
0.151630326065213,-538.609530167957
0.152030406081216,-547.625932847938
0.152430486097219,-555.673743553641
0.152830566113223,-562.732754785521
0.153230646129226,-568.78550971993
0.153630726145229,-573.81733570645
0.154030806161232,-577.816368968969
0.154430886177235,-580.773570484114
0.154830966193239,-582.682733040356
0.155231046209242,-583.540479510517
0.155631126225245,-583.346252399704
0.156031206241248,-582.102294759477
0.156431286257251,-579.813622587453
0.156831366273255,-576.487988859376
0.157231446289258,-572.13583936778
0.157631526305261,-566.770260567814
0.158031606321264,-560.406919656281
0.158431686337267,-553.063997134611
0.158831766353271,-544.762112130039
0.159231846369274,-535.524240771815
0.159631926385277,-525.375627940555
0.16003200640128,-514.343692729031
0.160432086417283,-502.457927971436
0.160832166433287,-489.749794215659
0.16123224644929,-476.252608529154
0.161632326465293,-462.001428543528
0.162032406481296,-447.032932156112
0.162432486497299,-431.385293318277
0.162832566513303,-415.098054350227
0.163232646529306,-398.21199523041
0.163632726545309,-380.769000314377
0.164032806561312,-362.811922943083
0.164432886577315,-344.384448404088
0.164832966593319,-325.530955710931
0.165233046609322,-306.296378666151
0.165633126625325,-286.726066672031
0.166033206641328,-266.865645750009
0.166433286657331,-246.760880225142
0.166833366673335,-226.45753552574
0.167233446689338,-206.001242540591
0.167633526705341,-185.437363966906
0.168033606721344,-164.810863071502
0.168433686737347,-144.16617527557
0.168833766753351,-123.547082959999
0.169233846769354,-102.996593873466
0.169633926785357,-82.5568235095143
0.17003400680136,-62.2688818017944
0.170434086817363,-42.1727644683275
0.170834166833367,-22.307249316484
0.17123424684937,-2.70979780014502
0.171634326865373,16.5835379004965
0.172034406881376,35.5382020279092
0.172434486897379,54.1212163988544
0.172834566913383,72.3012553557167
0.173234646929386,90.0487143382339
0.173634726945389,107.335771920376
0.174034806961392,124.136445181553
0.174434886977395,140.426638306005
0.174834966993399,156.184184329037
0.175235047009402,171.388879973625
0.175635127025405,186.022513545824
0.176035207041408,200.068885882079
0.176435287057411,213.513824366113
0.176835367073415,226.345190057283
0.177235447089418,238.552877996119
0.177635527105421,250.128810776157
0.178035607121424,261.066925494012
0.178435687137427,271.363154211789
0.178835767153431,281.01539808747
0.179235847169434,290.023495349593
0.179635927185437,298.389183312391
0.18003600720144,306.116054646518
0.180436087217443,313.209508138449
0.180836167233447,319.676694188549
0.18123624724945,325.526455313647
0.181636327265453,330.769261934662
0.182036407281456,335.417143743294
0.182436487297459,339.483616954114
0.182836567313463,342.983607759403
0.183236647329466,345.933372313775
0.183636727345469,348.35041358411
0.184036807361472,350.25339540735
0.184436887377475,351.662054104455
0.184836967393479,352.5971080032
0.185237047409482,353.080165225501
0.185637127425485,353.133630096611
0.186037207441488,352.780608533815
0.186437287457491,352.044812771222
0.186837367473495,350.950465774866
0.187237447489498,349.522205698661
0.187637527505501,347.784990726804
0.188037607521504,345.764004642001
0.188437687537508,343.484563451499
0.188837767553511,340.972023394321
0.189237847569514,338.251690643383
0.189637927585517,335.348733005387
0.19003800760152,332.288093909577
0.190438087617524,329.094408963665
0.190838167633527,325.791925341514
0.19123824764953,322.404424252657
0.191638327665533,318.955146728373
0.192038407681536,315.466722943001
0.19243848769754,311.961105272501
0.192838567713543,308.459505274966
0.193238647729546,304.98233476004
0.193638727745549,301.549151096004
0.194038807761552,298.178606884714
0.194438887777556,294.888404115764
0.194838967793559,291.695252892232
0.195239047809562,288.61483480118
0.195639127825565,285.661770982924
0.196039207841568,282.849594933923
0.196439287857572,280.190730059038
0.196839367873575,277.696471970116
0.197239447889578,275.376975509144
0.197639527905581,273.241246456022
0.198039607921584,271.29713786302
0.198439687937588,269.551350940614
0.198839767953591,268.009440402479
0.199239847969594,266.675824161082
0.199639927985597,265.553797249686
0.2000400080016,264.645549831622
0.200440088017604,263.95218914347
0.200840168033607,263.473765205444
0.20124024804961,263.209300119712
0.201640328065613,263.156820765792
0.202040408081616,263.313394691444
0.20244048809762,263.675168987771
0.202840568113623,264.23741192852
0.203240648129626,264.994557145866
0.203640728145629,265.940250108336
0.204040808161632,267.067396660901
0.204440888177636,268.368213382788
0.204840968193639,269.834279515116
0.205241048209642,271.4565902081
0.205641128225645,273.225610836325
0.206041208241648,275.131332130386
0.206441288257652,277.163325874069
0.206841368273655,279.310800918195
0.207241448289658,281.562659265189
0.207641528305661,283.907551982417
0.208041608321664,286.333934707301
0.208441688337668,288.830122513097
0.208841768353671,291.384343911077
0.209241848369674,293.98479377253
0.209641928385677,296.619684962532
0.21004200840168,299.277298486786
0.210442088417684,301.946031962866
0.210842168433687,304.614446237992
0.21124224844969,307.271309986822
0.211642328465693,309.905642134793
0.212042408481696,312.506751964961
0.2124424884977,315.064276779366
0.212842568513703,317.568216999221
0.213242648529706,320.00896860204
0.213642728545709,322.377352807748
0.214042808561712,324.664642940067
0.214442888577716,326.862588403829
0.214842968593719,328.96343573332
0.215243048609722,330.959946681211
0.215643128625725,332.845413332099
0.216043208641728,334.613670238961
0.216443288657732,336.259103595006
0.216843368673735,337.776657467315
0.217243448689738,339.161837132285
0.217643528705741,340.410709566193
0.218043608721744,341.519901157035
0.218443688737748,342.486592716238
0.218843768753751,343.308511880711
0.219243848769754,343.983923007064
0.219643928785757,344.511614670508
0.22004400880176,344.890884891081
0.220444088817764,345.121524219129
0.220844168833767,345.203796820724
0.22124424884977,345.138419711475
0.221644328865773,344.926540294342
0.222044408881776,344.569712363288
0.22244448889778,344.069870740007
0.222844568913783,343.429304715544
0.223244648929786,342.650630472268
0.223644728945789,341.736762664413
0.224044808961792,340.690885337336
0.224444888977796,339.516422366542
0.224844968993799,338.217007597667
0.225245049009802,336.796454867728
0.225645129025805,335.258728086294
0.226045209041808,333.607911552589
0.226445289057812,331.848180681169
0.226845369073815,329.983773304473
0.227245449089818,328.018961715482
0.227645529105821,325.958025607879
0.228045609121824,323.805226064425
0.228445689137828,321.564780736948
0.228845769153831,319.240840353332
0.229245849169834,316.837466678183
0.229645929185837,314.358612044649
0.23004600920184,311.808100565003
0.230446089217844,309.189611117311
0.230846169233847,306.506662194764
0.23124624924985,303.76259869303
0.231646329265853,300.960580699545
0.232046409281856,298.103574336818
0.23244648929786,295.194344699816
0.232846569313863,292.235450915288
0.233246649329866,289.229243338583
0.233646729345869,286.177862891139
0.234046809361872,283.083242529433
0.234446889377876,279.94711082392
0.234846969393879,276.770997614258
0.235247049409882,273.556241695148
0.235647129425885,270.304000475334
0.236047209441888,267.015261540838
0.236447289457892,263.690856042392
0.236847369473895,260.331473816288
0.237247449489898,256.937680137628
0.237647529505901,253.509933995172
0.238047609521904,250.048607767775
0.238447689537908,246.554008173802
0.238847769553911,243.026398356918
0.239247849569914,239.466020964352
0.239647929585917,235.873122067174
0.24004800960192,232.247975766244
0.240448089617924,228.590909322474
0.240848169633927,224.902328645765
0.24124824964993,221.18274397356
0.241648329665933,217.432795567353
0.242048409681936,213.65327925381
0.24244848969794,209.845171636253
0.242848569713943,206.009654802333
0.243248649729946,202.1481403546
0.243648729745949,198.262292592492
0.244048809761952,194.354050676916
0.244448889777956,190.425649612153
0.244848969793959,186.479639884225
0.245249049809962,182.518905600075
0.245649129825965,178.546680977999
0.246049209841968,174.56656504662
0.246449289857972,170.582534417326
0.246849369873975,166.598954003455
0.247249449889978,162.620585568587
0.247649529905981,158.652593996046
0.248049609921984,154.700551182069
0.248449689937988,150.770437466055
0.248849769953991,146.868640522773
0.249249849969994,143.001951653388
0.249649929985997,139.177559424549
0.250050010002,135.403040617581
0.250450090018004,131.686348462883
0.250850170034007,128.035798148065
0.25125025005001,124.460049601861
0.251650330066013,120.968087569643
0.252050410082016,117.569199010105
0.25245049009802,114.272947856568
0.252850570114023,111.089147200122
0.253250650130026,108.02782896549
0.253650730146029,105.099211164088
0.254050810162032,102.313662821959
0.254450890178036,99.681666693366
0.254850970194039,97.2137798833915
0.255251050210042,94.9205925152401
0.255651130226045,92.8126845896266
0.256051210242048,90.9005811949723
0.256451290258052,89.1947062377603
0.256851370274055,87.7053348724776
0.257251450290058,86.4425448199289
0.257651530306061,85.4161667713522
0.258051610322064,84.6357340836348
0.258451690338068,84.1104319779694
0.258851770354071,83.8490464605042
0.259251850370074,83.8599131888338
0.259651930386077,84.1508665125787
0.26005201040208,84.7291889197357
0.260452090418084,85.6015611229436
0.260852170434087,86.7740130213049
0.26125225045009,88.2518757738282
0.261652330466093,90.0397352200777
0.262052410482096,92.1413868819306
0.2624524904981,94.5597927778308
0.262852570514103,97.2970402772226
0.263252650530106,100.354303218191
0.263652730546109,103.731805505669
0.264052810562112,107.428787400872
0.264452890578116,111.443474704934
0.264852970594119,115.773051031141
0.265253050610122,120.413633350521
0.265653130626125,125.36025098516
0.266053210642128,130.606828212204
0.266453290658132,136.146170629396
0.266853370674135,141.969955420017
0.267253450690138,148.068725641391
0.267653530706141,154.431888646771
0.268053610722144,161.047718735337
0.268453690738148,167.90336410946
0.268853770754151,174.984858202253
0.269253850770154,182.277135421763
0.269653930786157,189.764051341272
0.27005401080216,197.428407347662
0.270454090818164,205.251979742377
0.270854170834167,213.215553271525
0.27125425085017,221.298959043869
0.271654330866173,229.48111677734
0.272054410882176,237.740081296797
0.27245449089818,246.053093187815
0.272854570914183,254.396633493569
0.273254650930186,262.746482324331
0.273654730946189,271.07778123196
0.274054810962192,279.36509918484
0.274454890978196,287.58250196245
0.274854970994199,295.703624772786
0.275255051010202,303.701747880624
0.275655131026205,311.549875019969
0.276055211042208,319.220814350122
0.276455291058212,326.687261701639
0.276855371074215,333.921885846162
0.277255451090218,340.897415512687
0.277655531106221,347.586727862342
0.278055611122224,353.962938124308
0.278455691138228,359.999490087017
0.278855771154231,365.670247131484
0.279255851170234,370.949583487304
0.279655931186237,375.81247538685
0.28005601120224,380.23459178925
0.280456091218244,384.192384343071
0.280856171234247,387.66317625517
0.28125625125025,390.625249732973
0.281656331266253,393.057931668499
0.282056411282256,394.941677234763
0.28245649129826,396.258151068787
0.282856571314263,396.990305720313
0.283256651330266,397.122457051404
0.283656731346269,396.640356279497
0.284056811362272,395.531258365056
0.284456891378276,393.78398645476
0.284856971394279,391.388992102122
0.285257051410282,388.338410999575
0.285657131426285,384.626113969246
0.286057211442288,380.247752973949
0.286457291458292,375.200801925256
0.286857371474295,369.484592081732
0.287257451490298,363.100341847678
0.287657531506301,356.051180800758
0.288057611522304,348.342167795733
0.288457691538308,339.980303011136
0.288857771554311,330.974533825979
0.289257851570314,321.335754434415
0.289657931586317,311.076799127666
0.29005801160232,300.212429194327
0.290458091618324,288.759313412383
0.290858171634327,276.736002128661
0.29125825165033,264.162894944214
0.291658331666333,251.062202046823
0.292058411682336,237.457899254726
0.29245849169834,223.375676858393
0.292858571714343,208.842882369861
0.293258651730346,193.888457311552
0.293658731746349,178.542868198638
0.294058811762352,162.838031890748
0.294458891778356,146.807235510111
0.294858971794359,130.485051143894
0.295259051810362,113.907245568701
0.295659131826365,97.110685254412
0.296059211842368,80.1332369233235
0.296459291858372,63.0136639581383
0.296859371874375,45.7915189692501
0.297259451890378,28.5070328475719
0.297659531906381,11.2010006438527
0.298059611922385,-6.08533537085414
0.298459691938388,-23.3104050965272
0.298859771954391,-40.4324320690412
0.299259851970394,-57.4095566102456
0.299659931986397,-74.1999602665175
0.3000600120024,-90.7619911315328
0.300460092018404,-107.05428964339
0.300860172034407,-123.035914441556
0.30126025205041,-138.666467866285
0.301660332066413,-153.906220681523
0.302060412082416,-168.716235602296
0.30246049209842,-183.058489209062
0.302860572114423,-196.895991834353
0.303260652130426,-210.19290501154
0.303660732146429,-222.914656081415
0.304060812162432,-235.028049559584
0.304460892178436,-246.501374876626
0.304860972194439,-257.304510113005
0.305261052210442,-267.409021362523
0.305661132226445,-276.788257370904
0.306061212242448,-285.417439110532
0.306461292258452,-293.273743967806
0.306861372274455,-300.336384236367
0.307261452290458,-306.586679627448
0.307661532306461,-312.008123527495
0.308061612322464,-316.586442753411
0.308461692338468,-320.309650576714
0.308861772354471,-323.168092809858
0.309261852370474,-325.154486770753
0.309661932386477,-326.263952964964
0.31006201240248,-326.494039349255
0.310462092418484,-325.844738064884
0.310862172434487,-324.318494554256
0.31126225245049,-321.920209000182
0.311662332466493,-318.65723005292
0.312062412482496,-314.539340836321
0.3124624924985,-309.578737250679
0.312862572514503,-303.789998616211
0.313262652530506,-297.190050727277
0.313662732546509,-289.798121413623
0.314062812562513,-281.635688730643
0.314462892578516,-272.726421926264
0.314862972594519,-263.096115356986
0.315263052610522,-252.772615550207
0.315663132626525,-241.785741633805
0.316063212642529,-230.167199377163
0.316463292658532,-217.950489110198
0.316863372674535,-205.170807808482
0.317263452690538,-191.864945653105
0.317663532706541,-178.071177393457
0.318063612722545,-163.829148859545
0.318463692738548,-149.179758987723
0.318863772754551,-134.165037739689
0.319263852770554,-118.828020309422
0.319663932786557,-103.212618025982
0.320064012802561,-87.3634863721632
0.320464092818564,-71.3258905494743
0.320864172834567,-55.1455690289255
0.32126425285057,-38.8685955346536
0.321664332866573,-22.541239913324
0.322064412882577,-6.20982834665449
0.32246449289858,10.0793966328447
0.322864572914583,26.2804158616651
0.323264652930586,42.3475725397497
0.323664732946589,58.2357100409472
0.324064812962593,73.900308084304
0.324464892978596,89.2976168164881
0.324864972994599,104.384788362395
0.325265053010602,119.120005409426
0.325665133026605,133.462606400967
0.326065213042609,147.373206925942
0.326465293058612,160.81381690434
0.326865373074615,173.74795318289
0.327265453090618,186.140747170749
0.327665533106621,197.959047162159
0.328065613122624,209.171515011162
0.328465693138628,219.748716843038
0.328865773154631,229.663207507573
0.329265853170634,238.889608500955
0.329665933186637,247.404679105608
0.330066013202641,255.187380520737
0.330466093218644,262.218932780625
0.330866173234647,268.482864282671
0.33126625325065,273.96505377274
0.331666333266653,278.653764661544
0.332066413282657,282.539671572284
0.33246649329866,285.615879046746
0.332866573314663,287.877932364108
0.333266653330666,289.323820454097
0.333666733346669,289.953970913367
0.334066813362673,289.77123716139
0.334466893378676,288.780877799138
0.334866973394679,286.990528260871
0.335267053410682,284.41016487579
0.335667133426685,281.052061482479
0.336067213442689,276.930738764604
0.336467293458692,272.062906501298
0.336867373474695,266.467398949887
0.337267453490698,260.165103602019
0.337667533506701,253.178883576828
0.338067613522705,245.533493936283
0.338467693538708,237.255492228426
0.338867773554711,228.373143583587
0.339267853570714,218.916320706831
0.339667933586717,208.916399126907
0.340068013602721,198.40614807752
0.340468093618724,187.419617401054
0.340868173634727,175.992020877691
0.34126825365073,164.159616394195
0.341668333666733,151.959583376574
0.342068413682737,139.429897918996
0.34246849369874,126.609206048246
0.342868573714743,113.536695567987
0.343268653730746,100.251966930737
0.343668733746749,86.7949035873169
0.344068813762753,73.205542263828
0.344468893778756,59.5239436148647
0.344868973794759,45.7900636986941
0.345269053810762,32.0436267156063
0.345669133826765,18.3239994443857
0.346069213842769,4.67006780426172
0.346469293858772,-8.87988403965782
0.346869373874775,-22.2882916201715
0.347269453890778,-35.5184247658568
0.347669533906781,-48.5344984715614
0.348069613922785,-61.3017796749536
0.348469693938788,-73.786689588794
0.348869773954791,-85.9569012561837
0.349269853970794,-97.7814320145079
0.349669933986797,-109.230730573725
0.350070014002801,-120.276758435254
0.350470094018804,-130.893065399491
0.350870174034807,-141.054858932527
0.35127025405081,-150.739067185932
0.351670334066813,-159.924395487524
0.352070414082817,-168.591376145611
0.35247049409882,-176.722411434293
0.352870574114823,-184.301809652967
0.353270654130826,-191.315814178901
0.353670734146829,-197.752625457885
0.354070814162833,-203.602415904002
0.354470894178836,-208.857337705802
0.354870974194839,-213.511523562198
0.355271054210842,-217.561080397299
0.355671134226845,-221.004076129053
0.356071214242849,-223.84051959178
0.356471294258852,-226.072333737482
0.356871374274855,-227.703322265079
0.357271454290858,-228.739129850204
0.357671534306861,-229.187196171178
0.358071614322865,-229.056703948661
0.358471694338868,-228.358521237747
0.358871774354871,-227.105138231287
0.359271854370874,-225.310598852453
0.359671934386877,-222.990427432406
0.360072014402881,-220.161550785836
0.360472094418884,-216.842216012609
0.360872174434887,-213.05190436802
0.36127225445089,-208.811241557064
0.361672334466893,-204.141904819571
0.362072414482897,-199.066527183177
0.3624724944989,-193.60859926957
0.362872574514903,-187.792369046657
0.363272654530906,-181.642739924715
0.363672734546909,-175.185167598685
0.364072814562913,-168.445556041164
0.364472894578916,-161.450153051565
0.364872974594919,-154.225445766248
0.365273054610922,-146.798056532166
0.365673134626925,-139.194639542871
0.366073214642929,-131.441778630396
0.366473294658932,-123.565886599736
0.366873374674935,-115.593106484489
0.367273454690938,-107.549215092428
0.367673534706941,-99.4595291988159
0.368073614722945,-91.3488147327696
0.368473694738948,-83.2411992883767
0.368873774754951,-75.1600882772453
0.369273854770954,-67.1280850231007
0.369673934786957,-59.1669150818449
0.370074014802961,-51.2973550521735
0.370474094818964,-43.5391661226879
0.370874174834967,-35.9110325813068
0.37127425485097,-28.430505491825
0.371674334866973,-21.1139517209366
0.372074414882977,-13.9765084766083
0.37247449489898,-7.0320434960265
0.372874574914983,-0.293120997928963
0.373274654930986,6.2290265094227
0.373674734946989,12.5245204973653
0.374074814962993,18.5848527198057
0.374474894978996,24.4028955310491
0.374874974994999,29.9729062235888
0.375275055011002,35.2905254150689
0.375675135027005,40.3527695374379
0.376075215043009,45.1580175049164
0.376475295059012,49.7059916604974
0.376875375075015,53.9977331234742
0.377275455091018,58.0355716825071
0.377675535107021,61.8230904003069
0.378075615123025,65.3650851166379
0.378475695139028,68.6675190563338
0.378875775155031,71.7374727679637
0.379275855171034,74.583089636878
0.379675935187037,77.2135172333159
0.380076015203041,79.6388447722019
0.380476095219044,81.87003697593
0.380876175235047,83.9188646450101
0.38127625525105,85.7978322535991
0.381676335267053,87.5201028979527
0.382076415283057,89.0994209352769
0.38247649529906,90.5500326586993
0.382876575315063,91.886605360758
0.383276655331066,93.1241451430841
0.383676735347069,94.2779138337815
0.384076815363073,95.3633453762926
0.384476895379076,96.3959620543866
0.384876975395079,97.3912909172628
0.385277055411082,98.3647807665515
0.385677135427085,99.3317200634603
0.386077215443089,100.307156109136
0.386477295459092,101.305815844864
0.386877375475095,102.342028610778
0.387277455491098,103.429651192414
0.387677535507101,104.581995473885
0.388077615523105,105.81175900444
0.388477695539108,107.130958772062
0.388877775555111,108.550868463383
0.389277855571114,110.081959473729
0.389677935587117,111.733845914537
0.390078015603121,113.515233847882
0.390478095619124,115.433874959372
0.390878175635127,117.496524861374
0.39127825565113,119.708906198459
0.391678335667133,122.075676706179
0.392078415683137,124.600402352961
0.39247849569914,127.285535672994
0.392878575715143,130.132399375725
0.393278655731146,133.141175294923
0.393678735747149,136.310898717403
0.394078815763153,139.639458108517
0.394478895779156,143.123600228392
0.394878975795159,146.758940609929
0.395279055811162,150.539979346633
0.395679135827165,154.460122115718
0.396079215843169,158.511706339544
0.396479295859172,162.686032366571
0.396879375875175,166.973399531516
0.397279455891178,171.36314693364
0.397679535907181,175.843698751837
0.398079615923185,180.402613895897
0.398479695939188,185.026639774633
0.398879775955191,189.701769944024
0.399279855971194,194.413305381766
0.399679935987197,199.145919119083
0.400080016003201,203.883723946096
0.400480096019204,208.610342893799
0.400880176035207,213.308982183589
0.40128025605121,217.962506324491
0.401680336067213,222.553515028807
0.402080416083217,227.064421608808
0.40248049609922,231.477532510379
0.402880576115223,235.775127634385
0.403280656131226,239.939541092597
0.403680736147229,243.953242042829
0.404080816163233,247.798915247062
0.404480896179236,251.459540996971
0.404880976195239,254.918474053485
0.405281056211242,258.159521250632
0.405681136227245,261.16701741897
0.406081216243249,263.925899290612
0.406481296259252,266.421777055667
0.406881376275255,268.641003249453
0.407281456291258,270.57073866052
0.407681536307261,272.199014961581
0.408081616323265,273.51479377882
0.408481696339268,274.508021929614
0.408881776355271,275.169682574341
0.409281856371274,275.491842044911
0.409681936387277,275.467692130348
0.410082016403281,275.091587618708
0.410482096419284,274.359078914213
0.410882176435287,273.266939569051
0.41128225645129,271.813188590494
0.411682336467293,269.997107405878
0.412082416483297,267.819251390392
0.4124824964993,265.281455885533
0.412882576515303,262.386836659316
0.413282656531306,259.139784782846
0.413682736547309,255.545955921617
0.414082816563313,251.612254063604
0.414482896579316,247.346809730059
0.414882976595319,242.758952738532
0.415283056611322,237.859179611105
0.415683136627325,232.659115743946
0.416083216643329,227.171472477033
0.416483296659332,221.409999225144
0.416883376675335,215.389430852824
0.417283456691338,209.125430497048
0.417683536707341,202.634528061435
0.418083616723345,195.934054625294
0.418483696739348,189.042073029079
0.418883776755351,181.977304915359
0.419283856771354,174.759054520553
0.419683936787357,167.407129527993
0.420084016803361,159.941759306635
0.420484096819364,152.383510872505
0.420884176835367,144.753202921173
0.42128425685137,137.071818289465
0.421684336867373,129.360415213109
0.422084416883377,121.640037753934
0.42248449689938,113.931625775747
0.422884576915383,106.255924851944
0.423284656931386,98.6333964901743
0.423684736947389,91.0841290603346
0.424084816963393,83.6277498111156
0.424484896979396,76.2833383581777
0.424884976995399,69.0693420228068
0.425285057011402,62.0034933944829
0.425685137027405,55.1027304835901
0.426085217043409,48.3831198217875
0.426485297059412,41.8597828574258
0.426885377075415,35.5468259816819
0.427285457091418,29.4572745079214
0.427685537107421,23.6030109124175
0.428085617123425,17.9947176285221
0.428485697139428,12.6418246694293
0.428885777155431,7.55246233618873
0.429285857171434,2.73341924818101
0.429685937187437,-1.8098940873308
0.430086017203441,-6.07347597153894
0.430486097219444,-10.0547583038029
0.430886177235447,-13.7526253155411
0.43128625725145,-17.1674261231975
0.431686337267453,-20.3009809998942
0.432086417283457,-23.1565812906964
0.43248649729946,-25.7389829221029
0.432886577315463,-28.0543934825402
0.433286657331466,-30.1104528769058
0.433686737347469,-31.916207584778
0.434086817363473,-33.4820785783756
0.434486897379476,-34.819822982879
0.434886977395479,-35.9424895880006
0.435287057411482,-36.8643683457271
0.435687137427485,-37.6009340148049
0.436087217443489,-38.1687841377185
0.436487297459492,-38.585571560454
0.436887377475495,-38.8699317292684
0.437287457491498,-39.0414050217712
0.437687537507502,-39.1203543918287
0.438087617523505,-39.1278786290607
0.438487697539508,-39.0857215538872
0.438887777555511,-39.0161774880684
0.439287857571514,-38.94199335851
0.439687937587518,-38.8862678085761
0.440088017603521,-38.8723477062274
0.440488097619524,-38.9237224519848
0.440888177635527,-39.0639165018142
0.44128825765153,-39.3163805306202
0.441688337667534,-39.7043816709622
0.442088417683537,-40.2508932688793
0.44248849769954,-40.9784846043132
0.442888577715543,-41.9092110274142
0.443288657731546,-43.0645049641292
0.44368873774755,-44.4650682447646
0.444088817763553,-46.1307662076901
0.444488897779556,-48.0805240271418
0.444888977795559,-50.3322257088873
0.445289057811562,-52.9026161907963
0.445689137827566,-55.8072069765718
0.446089217843569,-59.0601857206671
0.446489297859572,-62.6743301702161
0.446889377875575,-66.6609268560916
0.447289457891578,-71.0296949097766
0.447689537907582,-75.7887153657821
0.448089617923585,-80.9443662907534
0.448489697939588,-86.5012640605429
0.448889777955591,-92.4622110850014
0.449289857971594,-98.8281502576879
0.449689937987598,-105.598126383628
0.450090018003601,-112.769254813233
0.450490098019604,-120.336697484272
0.450890178035607,-128.293646546671
0.45129025805161,-136.631315716862
0.451690338067614,-145.338939479661
0.452090418083617,-154.403780226127
0.45249049809962,-163.811143385931
0.452890578115623,-173.544400582156
0.453290658131626,-183.585020805844
0.45369073814763,-193.912609576394
0.454090818163633,-204.504956023008
0.454490898179636,-215.338087791078
0.454890978195639,-226.386333646689
0.455291058211642,-237.622393621503
0.455691138227646,-249.017416510139
0.456091218243649,-260.541084502262
0.456491298259652,-272.161704702393
0.456891378275655,-283.846307262002
0.457291458291658,-295.560749820772
0.457691538307662,-307.269827927214
0.458091618323665,-318.937391083256
0.458491698339668,-330.526464032806
0.458891778355671,-341.999372891234
0.459291858371674,-353.317875690708
0.459691938387678,-364.443296895993
0.460092018403681,-375.336665426393
0.460492098419684,-385.958855702245
0.460892178435687,-396.270731218795
0.46129225845169,-406.23329013642
0.461692338467694,-415.807812364205
0.462092418483697,-424.95600760367
0.4624924984997,-433.640163811274
0.462892578515703,-441.823295532079
0.463292658531706,-449.469291552632
0.46369273854771,-456.543061319028
0.464092818563713,-463.010679565814
0.464492898579716,-468.839528603384
0.464892978595719,-473.99843771544
0.465293058611722,-478.457819124079
0.465693138627726,-482.189799988234
0.466093218643729,-485.168349911247
0.466493298659732,-487.369403445458
0.466893378675735,-488.770977095928
0.467293458691738,-489.353280341258
0.467693538707742,-489.098820207599
0.468093618723745,-487.99249895158
0.468493698739748,-486.021704429436
0.468893778755751,-483.176392752943
0.469293858771754,-479.44916285748
0.469693938787758,-474.835322634081
0.470094018803761,-469.332946305113
0.470494098819764,-462.94292275245
0.470894178835767,-455.668994537509
0.47129425885177,-447.517787384127
0.471694338867774,-438.498829927899
0.472094418883777,-428.624563569293
0.47249449889978,-417.910342302127
0.472894578915783,-406.374422424269
0.473294658931786,-394.03794207292
0.47369473894779,-380.924890563069
0.474094818963793,-367.062067544068
0.474494898979796,-352.479032025858
0.474894978995799,-337.208041363042
0.475295059011802,-321.283980321505
0.475695139027806,-304.74428038862
0.476095219043809,-287.628829524056
0.476495299059812,-269.979872583583
0.476895379075815,-251.841902683298
0.477295459091818,-233.261543805529
0.477695539107822,-214.287424981185
0.478095619123825,-194.970046415255
0.478495699139828,-175.36163795343
0.478895779155831,-155.516010317611
0.479295859171834,-135.488399566461
0.479695939187838,-115.335305264303
0.480096019203841,-95.1143228670148
0.480496099219844,-74.8839708572999
0.480896179235847,-54.7035131838703
0.48129625925185,-34.6327775789572
0.481696339267854,-14.731970347052
0.482096419283857,4.93851176629545
0.48249649929986,24.3182720024693
0.482896579315863,43.3471056796066
0.483296659331866,61.9651932994353
0.48369673934787,80.1132940187512
0.484096819363873,97.7329388280041
0.484496899379876,114.766622776369
0.484896979395879,131.157995582179
0.485297059411882,146.852049969209
0.485697139427886,161.795307073365
0.486097219443889,175.935998270793
0.486497299459892,189.224242786997
0.486897379475895,201.612220457756
0.487297459491898,213.05433902568
0.487697539507902,223.507395372052
0.488097619523905,232.930730101052
0.488497699539908,241.286374913478
0.488897779555911,248.539192228984
0.489297859571914,254.657006539672
0.489697939587918,259.610727003884
0.490098019603921,263.374460816623
0.490498099619924,265.92561692249
0.490898179635927,267.244999668207
0.49129825965193,267.316892024289
0.491698339667934,266.129128039677
0.492098419683937,263.673154228378
0.49249849969994,259.944079623936
0.492898579715943,254.940714275051
0.493298659731946,248.665595994466
0.49369873974795,241.125005212497
0.494098819763953,232.328967826877
0.494498899779956,222.291245981035
0.494898979795959,211.029316744122
0.495299059811962,198.564338707291
0.495699139827966,184.921106552134
0.496099219843969,170.127993688567
0.496499299859972,154.21688310053
0.496899379875975,137.223086578752
0.497299459891978,119.18525256014
0.497699539907982,100.14526283303
0.498099619923985,80.1481184065527
0.498499699939988,59.2418148803123
0.498899779955991,37.4772076876592
0.499299859971994,14.9078676215456
0.499699939987998,-8.41007291343495
0.500100020004001,-32.4180824462214
0.500500100020004,-57.0554012735462
0.500900180036007,-82.2592200452597
0.50130026005201,-107.964865534685
0.501700340068014,-134.10599300175
0.502100420084017,-160.614784532438
0.50250050010002,-187.42215271591
0.502900580116023,-214.457949000779
0.503300660132026,-241.651176054178
0.50370074014803,-268.930203431753
0.504100820164033,-296.222985853764
0.504500900180036,-323.457283371529
0.504900980196039,-350.560882700531
0.505301060212042,-377.461818990408
0.505701140228046,-404.08859729901
0.506101220244049,-430.370413036931
0.506501300260052,-456.237370650645
0.506901380276055,-481.620699816878
0.507301460292058,-506.452968427598
0.507701540308062,-530.668291654409
0.508101620324065,-554.20253639297
0.508501700340068,-576.993520402445
0.508901780356071,-598.981205471522
0.509301860372074,-620.107883961683
0.509701940388078,-640.318358099712
0.510102020404081,-659.560111414777
0.510502100420084,-677.783471741335
0.510902180436087,-694.941765236527
0.51130226045209,-710.991460890493
0.511702340468094,-725.892305039504
0.512102420484097,-739.607445424932
0.5125025005001,-752.103544376063
0.512902580516103,-763.350880730947
0.513302660532106,-773.323440147295
0.51370274054811,-781.998993494384
0.514102820564113,-789.35916305697
0.514502900580116,-795.389476323362
0.514902980596119,-800.079407171601
0.515303060612122,-803.422404310321
0.515703140628126,-805.415906873997
0.516103220644129,-806.061347115734
0.516503300660132,-805.364140184536
0.516903380676135,-803.333661017822
0.517303460692138,-799.983208423644
0.517703540708142,-795.329956470657
0.518103620724145,-789.394893347006
0.518503700740148,-782.202747891903
0.518903780756151,-773.781904045643
0.519303860772154,-764.164303504864
0.519703940788158,-753.385336910096
0.520104020804161,-741.483723931533
0.520504100820164,-728.501382656902
0.520904180836167,-714.483288721571
0.52130426085217,-699.477324655984
0.521704340868174,-683.534119958825
0.522104420884177,-666.706882435629
0.52250450090018,-649.051221372432
0.522904580916183,-630.624963141565
0.523304660932186,-611.487959862326
0.52370474094819,-591.701891762816
0.524104820964193,-571.330063910309
0.524504900980196,-550.437197996509
0.524904980996199,-529.089219880592
0.525305061012202,-507.353043606883
0.525705141028206,-485.296352625878
0.526105221044209,-462.987378956075
0.526505301060212,-440.494681030849
0.526905381076215,-417.88692097842
0.527305461092218,-395.232642084294
0.527705541108222,-372.600047184412
0.528105621124225,-350.056778733199
0.528505701140228,-327.669701284403
0.528905781156231,-305.504687113606
0.529305861172234,-283.626405699768
0.529705941188238,-262.098117769059
0.530106021204241,-240.98147458796
0.530506101220244,-220.336323173696
0.530906181236247,-200.220518068967
0.53130626125225,-180.689740304677
0.531706341268254,-161.797324148652
0.532106421284257,-143.594092211064
0.53250650130026,-126.128199447544
0.532906581316263,-109.444986569688
0.533306661332266,-93.5868433395875
0.53370674134827,-78.5930821901539
0.534106821364273,-64.4998225769303
0.534506901380276,-51.3398864293664
0.534906981396279,-39.1427050306979
0.535307061412282,-27.9342376157234
0.535707141428286,-17.7369019347114
0.536107221444289,-8.56951699010725
0.536507301460292,-0.447258110218144
0.536907381476295,6.61837551877764
0.537307461492298,12.619580784412
0.537707541508302,17.5522580085424
0.538107621524305,21.4160057458881
0.538507701540308,24.2141030728402
0.538907781556311,25.9534794620944
0.539307861572314,26.6446723813502
0.539707941588318,26.3017727966397
0.540108021604321,24.9423588022802
0.540508101620324,22.5874176401115
0.540908181636327,19.2612564104433
0.54130826165233,14.9914018155263
0.541708341668334,9.80848931379509
0.542108421684337,3.74614209887565
0.54250850170034,-3.15915964820002
0.542908581716343,-10.8682187524531
0.543308661732346,-19.3392697720282
0.54370874174835,-28.5281359176398
0.544108821764353,-38.3883935961248
0.544508901780356,-48.871543984663
0.544908981796359,-59.9271910192809
0.545309061812362,-71.5032251606412
0.545709141828366,-83.5460122815041
0.546109221844369,-96.0005870043555
0.546509301860372,-108.810849803859
0.546909381876375,-121.919767177586
0.547309461892379,-135.269574179836
0.547709541908382,-148.80197860695
0.548109621924385,-162.458366118915
0.548509701940388,-176.180005580831
0.548909781956391,-189.908253909162
0.549309861972395,-203.584759711625
0.549709941988398,-217.151665015841
0.550110022004401,-230.551804390882
0.550510102020404,-243.728900776992
0.550910182036407,-256.627757352591
0.551310262052411,-269.194444783643
0.551710342068414,-281.376483218779
0.552110422084417,-293.123018414156
0.55251050210042,-304.384991394613
0.552910582116423,-315.115301082457
0.553310662132427,-325.268959351848
0.55371074214843,-334.803237995204
0.554110822164433,-343.677807118463
0.554510902180436,-351.854864513658
0.554910982196439,-359.299255590978
0.555311062212443,-365.97858348706
0.555711142228446,-371.863309002372
0.556111222244449,-376.926840057817
0.556511302260452,-381.145610398732
0.556911382276455,-384.499147313683
0.557311462292459,-386.970128175007
0.557711542308462,-388.544425648547
0.558111622324465,-389.211141460681
0.558511702340468,-388.962628651789
0.558911782356471,-387.794502286465
0.559311862372475,-385.705638631869
0.559711942388478,-382.698162856612
0.560112022404481,-378.777425343178
0.560512102420484,-373.951966747059
0.560912182436487,-368.233471975357
0.561312262452491,-361.636713296423
0.561712342468494,-354.179482830044
0.562112422484497,-345.882514704564
0.5625125025005,-336.769397203176
0.562912582516503,-326.866475255964
0.563312662532506,-316.202743667537
0.56371274254851,-304.80973150149
0.564112822564513,-292.721378073054
0.564512902580516,-279.973901029364
0.564912982596519,-266.60565702326
0.565313062612522,-252.656995511019
0.565713142628526,-238.170106226855
0.566113222644529,-223.188860907495
0.566513302660532,-207.758649858352
0.566913382676535,-191.926213968912
0.567313462692538,-175.739472798801
0.567713542708542,-159.247349367451
0.568113622724545,-142.499592289561
0.568513702740548,-125.546595905275
0.568913782756551,-108.43921905855
0.569313862772554,-91.2286031792599
0.569713942788558,-73.9659903241431
0.570114022804561,-56.7025418292633
0.570514102820564,-39.4891582213464
0.570914182836567,-22.3763010281598
0.57131426285257,-5.41381711839549
0.571714342868574,11.3492338104575
0.572114422884577,27.8647479917792
0.57251450290058,44.085742008964
0.572914582916583,59.9665123042121
0.573314662932586,75.4627892275284
0.57371474294859,90.5318850987819
0.574114822964593,105.132835779703
0.574514902980596,119.226535278691
0.574914982996599,132.775862938608
0.575315063012602,145.745802786911
0.575715143028606,158.103554657746
0.576115223044609,169.818636727594
0.576515303060612,180.862979138734
0.576915383076615,191.211008418936
0.577315463092618,200.839722440671
0.577715543108622,209.728755698793
0.578115623124625,217.860434722057
0.578515703140628,225.219823470729
0.578915783156631,231.79475860981
0.579315863172635,237.575874584986
0.579715943188638,242.556618465948
0.580116023204641,246.733254559502
0.580516103220644,250.104858832191
0.580916183236647,252.673303219407
0.581316263252651,254.443229934581
0.581716343268654,255.422015928225
0.582116423284657,255.619727681998
0.58251650330066,255.049066557573
0.582916583316663,253.72530495362
0.583316663332667,251.66621355687
0.58371674334867,248.891980004466
0.584116823364673,245.425119304925
0.584516903380676,241.290376393502
0.584916983396679,236.514621225023
0.585317063412683,231.126736832535
0.585717143428686,225.157500804059
0.586117223444689,218.639460651596
0.586517303460692,211.606803566709
0.586917383476695,204.095221075224
0.587317463492699,196.141769119768
0.587717543508702,187.784724113023
0.588117623524705,179.063435516676
0.588517703540708,170.018175511018
0.588917783556711,160.689986327875
0.589317863572715,151.120525825288
0.589717943588718,141.3519118857
0.590118023604721,131.42656622071
0.590518103620724,121.387058164547
0.590918183636727,111.275949035204
0.591318263652731,101.135637637033
0.591718343668734,91.0082074711147
0.592118423684737,80.9352762102297
0.59251850370074,70.9578479838407
0.592918583716743,61.1161690047702
0.593318663732747,51.4495870540277
0.59371874374875,41.9964153226829
0.594118823764753,32.7938010906904
0.594518903780756,23.8775997016968
0.594918983796759,15.2822542702914
0.595319063812763,7.04068153426419
0.595719143828766,-0.815835761160912
0.596119223844769,-8.2577495869003
0.596519303860772,-15.2573401292173
0.596919383876775,-21.7888017616525
0.597319463892779,-27.8283212168038
0.597719543908782,-33.3541477163498
0.598119623924785,-38.3466548493841
0.598519703940788,-42.7883940217637
0.598919783956791,-46.6641393320744
0.599319863972795,-49.9609237633169
0.599719943988798,-52.6680666130218
0.600120024004801,-54.7771921183606
0.600520104020804,-56.2822392665599
0.600920184036807,-57.1794628146839
0.601320264052811,-57.4674255762139
0.601720344068814,-57.1469820649974
0.602120424084817,-56.2212536195359
0.60252050410082,-54.6955951626935
0.602920584116823,-52.5775537828826
0.603320664132827,-49.8768193532955
0.60372074414883,-46.6051674348867
0.604120824164833,-42.7763947372097
0.604520904180836,-38.406247438188
0.604920984196839,-33.5123426897326
0.605321064212843,-28.1140836604383
0.605721144228846,-22.2325684895417
0.606121224244849,-15.8904935477138
0.606521304260852,-9.11205141994557
0.606921384276855,-1.92282404382641
0.607321464292859,5.6503285471755
0.607721544308862,13.5793834114783
0.608121624324865,21.8352733414775
0.608521704340868,30.3880084728231
0.608921784356871,39.2068003647857
0.609321864372875,48.2601880490055
0.609721944388878,57.5161655391115
0.610122024404881,66.9423102909353
0.610522104420884,76.5059121022511
0.610922184436887,86.1741019423287
0.611322264452891,95.9139802046446
0.611722344468894,105.692743881478
0.612122424484897,115.477812166113
0.6125225045009,125.236949997491
0.612922584516903,134.938389073055
0.613322664532907,144.550945868234
0.61372274454891,154.044136215525
0.614122824564913,163.388286012283
0.614522904580916,172.554637644146
0.614922984596919,181.515451730415
0.615323064612923,190.244103818471
0.615723144628926,198.715175676594
0.616123224644929,206.904540858003
0.616523304660932,214.789444233649
0.616923384676935,222.348575217152
0.617323464692939,229.562134431927
0.617723544708942,236.411893598361
0.618123624724945,242.881248447234
0.618523704740948,248.955264494698
0.618923784756951,254.62071554381
0.619323864772955,259.866114807572
0.619723944788958,264.681738578881
0.620124024804961,269.059642403223
0.620524104820964,272.993669740643
0.620924184836967,276.479453133956
0.621324264852971,279.514407930547
0.621724344868974,282.09771863516
0.622124424884977,284.230318000668
0.62252450490098,285.914858992911
0.622924584916983,287.155679794116
0.623324664932987,287.958762037088
0.62372474494899,288.331682489144
0.624124824964993,288.28355843062
0.624524904980996,287.824986997475
0.624924984996999,286.967978781143
0.625325065013003,285.725886001119
0.625725145029006,284.113325586651
0.626125225045009,282.146097523569
0.626525305061012,279.841098840233
0.626925385077015,277.216233623134
0.627325465093019,274.290319467454
0.627725545109022,271.082990781096
0.628125625125025,267.614599372112
0.628525705141028,263.906112759067
0.628925785157031,259.979010651741
0.629325865173035,255.85518005553
0.629725945189038,251.556809457038
0.630126025205041,247.106282550677
0.630526105221044,242.526071966282
0.630926185237047,237.838633456492
0.631326265253051,233.066300999028
0.631726345269054,228.231183263999
0.632126425285057,223.355061889133
0.63252650530106,218.459291997064
0.632926585317063,213.564705378232
0.633326665333067,208.691516750555
0.63372674534907,203.859233493103
0.634126825365073,199.086569235409
0.634526905381076,194.391361666905
0.634926985397079,189.79049491246
0.635327065413083,185.299826799887
0.635727145429086,180.934121324139
0.636127225445089,176.706986590296
0.636527305461092,172.630818493866
0.636927385477095,168.716750372218
0.637327465493099,164.974608835358
0.637727545509102,161.412875957837
0.638127625525105,158.038657986399
0.638527705541108,154.857660690208
0.638927785557111,151.874171452205
0.639327865573115,149.091048171501
0.639727945589118,146.50971501776
0.640128025605121,144.130165049433
0.640528105621124,141.950969678567
0.640928185637127,139.969294935905
0.641328265653131,138.180924461068
0.641728345669134,136.580289114115
0.642128425685137,135.160503076674
0.64252850570114,133.91340628318
0.642928585717143,132.829612995953
0.643328665733147,131.898566311556
0.64372874574915,131.108598360664
0.644128825765153,130.446995939293
0.644528905781156,129.900071285977
0.644928985797159,129.453237697369
0.645329065813163,129.091089653878
0.645729145829166,128.797487107405
0.646129225845169,128.555643565151
0.646529305861172,128.348217586765
0.646929385877175,128.15740729712
0.647329465893179,127.9650475034
0.647729545909182,127.752708993482
0.648129625925185,127.501799582459
0.648529705941188,127.193666465826
0.648929785957191,126.809699431333
0.649329865973195,126.331434476764
0.649729945989198,125.74065737808
0.650130026005201,125.019506751279
0.650530106021204,124.150576152273
0.650930186037207,123.117014761665
0.651330266053211,121.902626205992
0.651730346069214,120.491965073317
0.652130426085217,118.870430689293
0.65253050610122,117.024357729793
0.652930586117223,114.941103258007
0.653330666133227,112.609129787226
0.65373074614923,110.018083985772
0.654130826165233,107.158870657044
0.654530906181236,104.023721646055
0.654930986197239,100.606259343342
0.655331066213243,96.9015544782814
0.655731146229246,92.9061779161339
0.656131226245249,88.6182461968119
0.656531306261252,84.037460577942
0.656931386277255,79.1651393706133
0.657331466293259,74.0042433827944
0.657731546309262,68.5593943129377
0.658131626325265,62.8368859644349
0.658531706341268,56.8446881804428
0.658931786357271,50.5924434278299
0.659331866373275,44.0914559887783
0.659731946389278,37.3546737484063
0.660132026405281,30.3966625969841
0.660532106421284,23.2335734953036
0.660932186437287,15.883102281963
0.661332266453291,8.3644423309949
0.661732346469294,0.698230197853491
0.662132426485297,-7.09351557919513
0.6625325065013,-14.9874623267277
0.662932586517303,-22.9590375094715
0.663332666533307,-30.9825091788682
0.66373274654931,-39.0310723203033
0.664132826565313,-47.0769407972332
0.664532906581316,-55.0914445664179
0.664932986597319,-63.0451318155262
0.665333066613323,-70.907875652859
0.665733146629326,-78.6489849586361
0.666133226645329,-86.2373189885652
0.666533306661332,-93.6414053031502
0.666933386677335,-100.829560580565
0.667333466693339,-107.770013856939
0.667733546709342,-114.431031725652
0.668133626725345,-120.781045016742
0.668533706741348,-126.788776468932
0.668933786757351,-132.42336889992
0.669333866773355,-137.654513375748
0.669733946789358,-142.452576877038
0.670134026805361,-146.788728958845
0.670534106821364,-150.635066901792
0.670934186837367,-153.964738854972
0.671334266853371,-156.752064475892
0.671734346869374,-158.972652579416
0.672134426885377,-160.603515316324
0.67253450690138,-161.623178412551
0.672934586917384,-162.011787012509
0.673334666933387,-161.751206684056
0.67373474694939,-160.825119158544
0.674134826965393,-159.219112396957
0.674534906981396,-156.920764592406
0.6749349869974,-153.919721739952
0.675335067013403,-150.207768427144
0.675735147029406,-145.778891522158
0.676135227045409,-140.629336461643
0.676535307061412,-134.757655866417
0.676935387077416,-128.16475024071
0.677335467093419,-120.853900538972
0.677735547109422,-112.830792413602
0.678135627125425,-104.103531987218
0.678535707141428,-94.6826530238448
0.678935787157432,-84.5811154049768
0.679335867173435,-73.8142948483931
0.679735947189438,-62.3999638398447
0.680136027205441,-50.3582637804683
0.680536107221444,-37.7116683852342
0.680936187237448,-24.4849384005692
0.681336267253451,-10.7050677417326
0.681736347269454,3.5987788171526
0.682136427285457,18.3953362355566
0.68253650730146,33.6513178853486
0.682936587317464,49.3315020888645
0.683336667333467,65.3988262591346
0.68373674734947,81.8144883559879
0.684136827365473,98.5380553433271
0.684536907381476,115.527578305892
0.68493698739748,132.739713857551
0.685337067413483,150.129851448512
0.685737147429486,167.652246155441
0.686137227445489,185.260156516454
0.686537307461492,202.905986952575
0.686937387477496,220.541434298473
0.687337467493499,238.117637948098
0.687737547509502,255.585333105629
0.688137627525505,272.895006618436
0.688537707541508,289.99705485733
0.688937787557511,306.841943099436
0.689337867573515,323.380365861423
0.689737947589518,339.563407624902
0.690138027605521,355.342703392245
0.690538107621524,370.670598509177
0.690938187637527,385.500307190975
0.691338267653531,399.786069191429
0.691738347669534,413.483304058173
0.692138427685537,426.548762424543
0.69253850770154,438.940673796501
0.692938587717543,450.618890303753
0.693338667733547,461.545025896589
0.69373874774955,471.682590484267
0.694138827765553,480.997118527162
0.694538907781556,489.456291612673
0.694938987797559,497.030054564882
0.695339067813563,503.690724659259
0.695739147829566,509.413093536782
0.696139227845569,514.174521436479
0.696539307861572,517.955023391265
0.696939387877575,520.737347059377
0.697339467893579,522.507041892241
0.697739547909582,523.252519369314
0.698139627925585,522.965104061195
0.698539707941588,521.639075313935
0.698939787957591,519.271699379983
0.699339867973595,515.863251854315
0.699739947989598,511.41703030806
0.700140028005601,505.93935704605
0.700540108021604,499.439571949306
0.700940188037607,491.930015398068
0.701340268053611,483.426001305854
0.701740348069614,473.945780329589
0.702140428085617,463.510493355593
0.70254050810162,452.144115395239
0.702940588117623,439.87339005805
0.703340668133627,426.727754803156
0.70374074814963,412.739257202644
0.704140828165633,397.94246248215
0.704540908181636,382.374352634859
0.70494098819764,366.074217434938
0.705341068213643,349.083537705292
0.705741148229646,331.445861221775
0.706141228245649,313.20667166243
0.706541308261652,294.413251034826
0.706941388277656,275.114536037956
0.707341468293659,255.360968836701
0.707741548309662,235.204342746728
0.708141628325665,214.697643345995
0.708541708341668,193.894885545297
0.708941788357672,172.85094716479
0.709341868373675,151.621399576019
0.709741948389678,130.262335979392
0.710142028405681,108.830197895783
0.710542108421684,87.3816004572848
0.710942188437688,65.9731570866284
0.711342268453691,44.661304157151
0.711742348469694,23.5021262253066
0.712142428485697,2.55118242603285
0.7125425085017,-18.1366653828367
0.712942588517704,-38.5074221467586
0.713342668533707,-58.5081262392161
0.71374274854971,-78.0870126228392
0.714142828565713,-97.1936719969531
0.714542908581716,-115.779205395664
0.71494298859772,-133.796373716323
0.715343068613723,-151.19974167628
0.715743148629726,-167.945815715026
0.716143228645729,-183.993175380339
0.716543308661732,-199.302597759709
0.716943388677736,-213.837174542764
0.717343468693739,-227.562421326298
0.717743548709742,-240.446378800636
0.718143628725745,-252.459705484525
0.718543708741748,-263.575761705394
0.718943788757752,-273.770684552383
0.719343868773755,-283.023453561252
0.719743948789758,-291.315946922567
0.720144028805761,-298.632988037761
0.720544108821764,-304.962382281289
0.720944188837768,-310.294943861339
0.721344268853771,-314.624512705994
0.721744348869774,-317.947961336469
0.722144428885777,-320.265191723905
0.72254450890178,-321.579122160869
0.722944588917784,-321.895664213468
0.723344668933787,-321.223689854145
0.72374474894979,-319.57498890934
0.724144828965793,-316.964216989392
0.724544908981796,-313.408834100995
0.7249449889978,-308.929034174398
0.725345069013803,-303.547665768676
0.725745149029806,-297.290144248545
0.726145229045809,-290.184355755193
0.726545309061812,-282.260553321477
0.726945389077816,-273.551245508363
0.727345469093819,-264.091077964562
0.727745549109822,-253.916708335174
0.728145629125825,-243.066674967077
0.728545709141828,-231.581259879458
0.728945789157832,-219.502346486519
0.729345869173835,-206.873272576535
0.729745949189838,-193.738679066571
0.730146029205841,-180.144355065473
0.730546109221844,-166.137079789195
0.730946189237848,-151.764461881898
0.731346269253851,-137.074776703772
0.731746349269854,-122.116802151941
0.732146429285857,-106.939653584185
0.73254650930186,-91.592618416771
0.732946589317864,-76.1249909667728
0.733346669333867,-60.5859081068771
0.73374674934987,-45.0241862957221
0.734146829365873,-29.4881605404402
0.734546909381876,-14.0255258391619
0.73494698939788,1.31681835909809
0.735347069413883,16.4929201522813
0.735747149429886,31.4579231301921
0.736147229445889,46.1682097717912
0.736547309461892,60.5815398180446
0.736947389477896,74.6571831627961
0.737347469493899,88.3560468250526
0.737747549509902,101.640795588635
0.738147629525905,114.475965918791
0.738547709541908,126.828072790746
0.738947789557912,138.665709091322
0.739347869573915,149.959637282342
0.739747949589918,160.682873043055
0.740148029605921,170.810760638115
0.740548109621924,180.321039787979
0.740948189637928,189.193903849394
0.741348269653931,197.412049145107
0.741748349669934,204.960715313952
0.742148429685937,211.827716584553
0.74254850970194,218.003463908583
0.742948589717944,223.480977921918
0.743348669733947,228.255892734717
0.74374874974995,232.326450583868
0.744148829765953,235.693487413391
0.744548909781956,238.360409480321
0.74494898979796,240.333161114817
0.745349069813963,241.620183794096
0.745749149829966,242.232366719797
0.746149229845969,242.182989117653
0.746549309861972,241.487654506672
0.746949389877976,240.164217212357
0.747349469893979,238.232701424736
0.747749549909982,235.715213126972
0.748149629925985,232.635845244086
0.748549709941988,229.020576383688
0.748949789957992,224.897163561588
0.749349869973995,220.295029324514
0.749749949989998,215.24514370012
0.750150030006001,209.779901420575
0.750550110022004,203.932994880656
0.750950190038008,197.73928330403
0.751350270054011,191.234658602392
0.751750350070014,184.455908421487
0.752150430086017,177.440576875296
0.75255051010202,170.226823475318
0.752950590118024,162.853280765534
0.753350670134027,155.358911175459
0.75375075015003,147.782863603697
0.754150830166033,140.164330242454
0.754550910182036,132.542404149783
0.75495099019804,124.955938070781
0.755351070214043,117.443405001592
0.755751150230046,110.042760981086
0.756151230246049,102.791310584061
0.756551310262052,95.7255755776473
0.756951390278056,88.8811671882987
0.757351470294059,82.2926624112228
0.757751550310062,75.9934847770001
0.758151630326065,70.0157899716214
0.758551710342068,64.3903566862872
0.758951790358072,59.1464830522564
0.759351870374075,54.3118889936815
0.759751950390078,49.9126248080434
0.760152030406081,45.9729862594117
0.760552110422084,42.5154364445001
0.760952190438088,39.5605346653541
0.761352270454091,37.1268725159177
0.761752350470094,35.2310173621232
0.762152430486097,33.8874633674792
0.7625525105021,33.1085901878284
0.762952590518104,32.9046294303821
0.763352670534107,33.2836389435313
0.76375275055011,34.2514849750629
0.764152830566113,35.8118322078286
0.764552910582116,37.9661416532017
0.76495299059812,40.7136763544494
0.765353070614123,44.0515148241292
0.765753150630126,47.974572112149
0.766153230646129,52.4756283741918
0.766553310662132,57.545364783897
0.766953390678136,63.172406606665
0.767353470694139,69.3433732283335
0.767753550710142,76.0429349080702
0.768153630726145,83.2538760022425
0.768553710742148,90.9571643842269
0.768953790758152,99.1320267647037
0.769353870774155,107.756029597754
0.769753950790158,116.805165239992
0.770154030806161,126.253943013541
0.770554110822164,136.075484808323
0.770954190838168,146.241624845479
0.771354270854171,156.723013211551
0.771754350870174,167.489222762262
0.772154430886177,178.508858985755
0.77255451090218,189.749672407518
0.772954590918184,201.178673113357
0.773354670934187,212.762246962583
0.77375475095019,224.466273060723
0.774154830966193,236.256242060276
0.774554910982196,248.097374858452
0.7749549909982,259.954741263115
0.775355071014203,271.79337820195
0.775755151030206,283.578407055189
0.776155231046209,295.275149699153
0.776555311062212,306.849242856252
0.776955391078216,318.266750356873
0.777355471094219,329.494272929908
0.777755551110222,340.499055151193
0.778155631126225,351.249089193088
0.778555711142228,361.713215033484
0.778955791158232,371.86121679884
0.779355871174235,381.663914933257
0.779755951190238,391.093253903988
0.780156031206241,400.122385173081
0.780556111222244,408.725745185107
0.780956191238248,416.879128141905
0.781356271254251,424.559753356953
0.781756351270254,431.746327004164
0.782156431286257,438.419098098818
0.78255651130226,444.559908571422
0.782956591318264,450.152237318913
0.783356671334267,455.181238141288
0.78375675135027,459.633771495698
0.784156831366273,463.498430023948
0.784556911382276,466.765557833258
0.78495699139828,469.427263533828
0.785357071414283,471.47742706034
0.785757151430286,472.911700327612
0.786157231446289,473.727501793477
0.786557311462292,473.924005024163
0.786957391478296,473.502121379164
0.787357471494299,472.46447695361
0.787757551510302,470.815383936422
0.788157631526305,468.560806561955
0.788557711542308,465.708321851544
0.788957791558312,462.267075358757
0.789357871574315,458.247732149058
0.789757951590318,453.662423259833
0.790158031606321,448.524687901382
0.790558111622324,442.849411672515
0.790958191638328,436.652761076594
0.791358271654331,429.952114634473
0.791758351670334,422.765990900304
0.792158431686337,415.113973694455
0.79255851170234,407.016634874387
0.792958591718344,398.495454969998
0.793358671734347,389.572742013951
0.79375875175035,380.271548900243
0.794158831766353,370.615589605659
0.794558911782356,360.629154608731
0.79495899179836,350.337025839464
0.795359071814363,339.764391490446
0.795759151830366,328.936761015846
0.796159231846369,317.879880639713
0.796559311862372,306.619649688162
0.796959391878376,295.18203805257
0.797359471894379,283.59300508174
0.797759551910382,271.878420191041
0.798159631926385,260.063985465397
0.798559711942389,248.175160520761
0.798959791958392,236.237089875652
0.799359871974395,224.274533070294
0.799759951990398,212.311797756
0.800160032006401,200.372675961915
0.800560112022405,188.480383729742
0.800960192038408,176.657504290344
0.801360272054411,164.925934938448
0.801760352070414,153.306837743887
0.802160432086417,141.82059421934
0.802560512102421,130.486764045982
0.802960592118424,119.324047939603
0.803360672134427,108.350254720651
0.80376075215043,97.5822726327148
0.804160832166433,87.0360449348287
0.804560912182437,76.7265497740738
0.80496099219844,66.6677843262291
0.805361072214443,56.8727531736072
0.805761152230446,47.3534608712853
0.806161232246449,38.1209086349269
0.806561312262453,29.1850950663582
0.806961392278456,20.5550208162636
0.807361472294459,12.238697067352
0.807761552310462,4.24315770597126
0.808161632326465,-3.42552496451644
0.808561712342469,-10.7622211289748
0.808961792358472,-17.7627211577444
0.809361872374475,-24.4237102813007
0.809761952390478,-30.7427404386371
0.810162032406481,-36.7181995059798
0.810562112422485,-42.3492781211145
0.810962192438488,-47.6359343267854
0.811362272454491,-52.5788562632428
0.811762352470494,-57.1794231458586
0.812162432486497,-61.4396647680728
0.8125625125025,-65.362219773472
0.812962592518504,-68.9502929428885
0.813362672534507,-72.2076117434999
0.81376275255051,-75.1383823867222
0.814162832566513,-77.7472456404148
0.814562912582516,-80.0392326384849
0.81496299259852,-82.0197209273167
0.815363072614523,-83.6943909838572
0.815763152630526,-85.0691834343474
0.816163232646529,-86.1502571958369
0.816563312662532,-86.9439487549093
0.816963392678536,-87.4567327890356
0.817363472694539,-87.6951843263841
0.817763552710542,-87.6659426292122
0.818163632726545,-87.3756769745177
0.818563712742548,-86.8310544934199
0.818963792758552,-86.0387102177347
0.819363872774555,-85.0052194687137
0.819763952790558,-83.7370727086346
0.820164032806561,-82.2406529612663
0.820564112822564,-80.5222158921179
0.820964192838568,-78.5878726237746
0.821364272854571,-76.4435753458557
0.821764352870574,-74.0951057630199
0.822164432886577,-71.5480664082489
0.82256451290258,-68.8078748323105
0.822964592918584,-65.8797606640158
0.823364672934587,-62.7687655196575
0.82376475295059,-59.4797457238803
0.824164832966593,-56.0173777884486
0.824564912982596,-52.3861665796991
0.8249649929986,-48.5904560904056
0.825365073014603,-44.6344427168746
0.825765153030606,-40.5221909279368
0.826165233046609,-36.2576511987957
0.826565313062612,-31.8446800696441
0.826965393078616,-27.2870621766085
0.827365473094619,-22.5885340910613
0.827765553110622,-17.7528097925114
0.828165633126625,-12.7836075903781
0.828565713142629,-7.68467830105
0.828965793158632,-2.45983447848504
0.829365873174635,2.88701951035728
0.829765953190638,8.35185678000998
0.830166033206641,13.9304968105741
0.830566113222645,19.6185741449709
0.830966193238648,25.4115071256814
0.831366273254651,31.3044668988804
0.831766353270654,37.2923469144389
0.832166433286657,43.3697331496391
0.832566513302661,49.5308752825668
0.832966593318664,55.7696590383218
0.833366673334667,62.0795799271258
0.83376675335067,68.4537185882589
0.834166833366673,74.8847179473939
0.834566913382677,81.3647623877888
0.83496699339868,87.8855591271914
0.835367073414683,94.4383219831491
0.835767153430686,101.013757698905
0.836167233446689,107.602054990926
0.836567313462693,114.192876466803
0.836967393478696,120.775353549502
0.837367473494699,127.338084529924
0.837767553510702,133.869135855464
0.838167633526705,140.356046747004
0.838567713542709,146.785837221138
0.838967793558712,153.145019578095
0.839367873574715,159.419613399174
0.839767953590718,165.595164080417
0.840168033606721,171.656764911879
0.840568113622725,177.589082694135
0.840968193638728,183.376386866043
0.841368273654731,189.00258209981
0.841768353670734,194.451244301627
0.842168433686737,199.705659938368
0.842568513702741,204.748868593249
0.842968593718744,209.563708636004
0.843368673734747,214.132865876138
0.84376875375075,218.438925051101
0.844168833766753,222.464423985215
0.844568913782757,226.191910239475
0.84496899379876,229.604000057438
0.845369073814763,232.683439398141
0.845769153830766,235.41316683347
0.846169233846769,237.776378074714
0.846569313862773,239.756591881283
0.846969393878776,241.337717093754
0.847369473894779,242.504120523506
0.847769553910782,243.24069542254
0.848169633926785,243.532930249348
0.848569713942789,243.366977440219
0.848969793958792,242.729721890044
0.849369873974795,241.608848842512
0.849769953990798,239.992910886897
0.850170034006801,237.871393756802
0.850570114022805,235.234780626171
0.850970194038808,232.074614598764
0.851370274054811,228.383559089586
0.851770354070814,224.155455800479
0.852170434086817,219.385379996982
0.852570514102821,214.069692799799
0.852970594118824,208.206090211745
0.853370674134827,201.793648609861
0.85377075415083,194.83286644244
0.854170834166833,187.32570188188
0.854570914182837,179.275606196804
0.85497099419884,170.687552620397
0.855371074214843,161.568060506596
0.855771154230846,151.92521458142
0.856171234246849,141.768679113465
0.856571314262853,131.109706845183
0.856971394278856,119.961142544984
0.857371474294859,108.33742105956
0.857771554310862,96.2545597657098
0.858171634326865,83.730145341704
0.858571714342869,70.7833147993466
0.858971794358872,57.4347307396215
0.859371874374875,43.7065508169132
0.859771954390878,29.6223914193129
0.860172034406881,15.2072855949932
0.860572114422885,0.487635277675992
0.860972194438888,-14.5088421131241
0.861372274454891,-29.7531725983726
0.861772354470894,-45.2151899710464
0.862172434486897,-60.8636053891021
0.862572514502901,-76.6660820638872
0.862972594518904,-92.5893148562329
0.863372674534907,-108.599114571219
0.86377275455091,-124.66049672177
0.864172834566913,-140.737774511419
0.864572914582917,-156.794655767047
0.86497299459892,-172.794343534115
0.865373074614923,-188.69964002934
0.865773154630926,-204.473053629093
0.866173234646929,-220.076908556513
0.866573314662933,-235.473456915813
0.866973394678936,-250.624992709136
0.867373474694939,-265.49396745948
0.867773554710942,-280.043107052553
0.868173634726945,-294.235529401269
0.868573714742949,-308.034862528766
0.868973794758952,-321.405362659493
0.869373874774955,-334.312031903132
0.869773954790958,-346.720735112645
0.870174034806961,-358.598315496179
0.870574114822965,-369.912708562244
0.870974194838968,-380.633053978927
0.871374274854971,-390.729804930992
0.871774354870974,-400.174834563212
0.872174434886977,-408.941539104478
0.872574514902981,-417.00493727488
0.872974594918984,-424.341765587351
0.873374674934987,-430.930569166211
0.87377475495099,-436.751787717309
0.874174834966993,-441.787836298225
0.874574914982997,-446.023180552284
0.874974994999,-449.444406086669
0.875375075015003,-452.040281692895
0.875775155031006,-453.801816127106
0.876175235047009,-454.722308188085
0.876575315063013,-454.797389852377
0.876975395079016,-454.025062248579
0.877375475095019,-452.405724276473
0.877775555111022,-449.94219370112
0.878175635127025,-446.63972057747
0.878575715143029,-442.505992886995
0.878975795159032,-437.55113429465
0.879375875175035,-431.787693961686
0.879775955191038,-425.230628377479
0.880176035207041,-417.897275201659
0.880576115223045,-409.807319136049
0.880976195239048,-400.982749874337
0.881376275255051,-391.44781220593
0.881776355271054,-381.228948378652
0.882176435287057,-370.354732853372
0.882576515303061,-358.855799611343
0.882976595319064,-346.764762202747
0.883376675335067,-334.116126751798
0.88377675535107,-320.946198160339
0.884176835367073,-307.29297977752
0.884576915383077,-293.196066828081
0.88497699539908,-278.696533915861
0.885377075415083,-263.836816942134
0.885777155431086,-248.660589800408
0.886177235447089,-233.212636230098
0.886577315463093,-217.538717230988
0.886977395479096,-201.685434458795
0.887377475495099,-185.700090038706
0.887777555511102,-169.630543249364
0.888177635527105,-153.525064543382
0.888577715543109,-137.432187382822
0.888977795559112,-121.400558378576
0.889377875575115,-105.478786231421
0.889777955591118,-89.7152899796903
0.890178035607121,-74.1581470638263
0.890578115623125,-58.8549417216681
0.890978195639128,-43.8526142300053
0.891378275655131,-29.1973115077501
0.891778355671134,-14.9342395943254
0.892178435687137,-1.10751851276956
0.892578515703141,12.2399599784001
0.892978595719144,25.0666712480859
0.893378675735147,37.3325927831241
0.89377875575115,48.9993348303756
0.894178835767153,60.0302662271543
0.894578915783157,70.3906349713441
0.89497899579916,80.0476830988967
0.895379075815163,88.9707554541338
0.895779155831166,97.1314019578175
0.896179235847169,104.503472998783
0.896579315863173,111.063207597403
0.896979395879176,116.789314012762
0.897379475895179,121.663042490416
0.897779555911182,125.668249873897
0.898179635927185,128.79145583017
0.898579715943189,131.021890467744
0.898979795959192,132.351533155159
0.899379875975195,132.775142377589
0.899779955991198,132.290276499997
0.900180036007201,130.897305336438
0.900580116023205,128.599412456953
0.900980196039208,125.402588195458
0.901380276055211,121.315613354465
0.901780356071214,116.350033634872
0.902180436087217,110.520124851532
0.902580516103221,103.842849027749
0.902980596119224,96.3378014938751
0.903380676135227,88.0271491471134
0.90378075615123,78.9355600608819
0.904180836167233,69.090124662921
0.904580916183237,58.5202687314354
0.90498099619924,47.2576584877805
0.905381076215243,35.3360980926748
0.905781156231246,22.7914198802672
0.906181236247249,9.66136769068413
0.906581316263253,-4.01452631332728
0.906981396279256,-18.1950709362021
0.907381476295259,-32.8375509140299
0.907781556311262,-47.8978671010521
0.908181636327265,-63.3306814061513
0.908581716343269,-79.0895659897216
0.908981796359272,-95.1271562151613
0.909381876375275,-111.395306835174
0.909781956391278,-127.845250880503
0.910182036407281,-144.427760708237
0.910582116423285,-161.093310658288
0.910982196439288,-177.792240759777
0.911382276455291,-194.474920924478
0.911782356471294,-211.091915061789
0.912182436487297,-227.594144548826
0.912582516503301,-243.933050490773
0.912982596519304,-260.060754209766
0.913382676535307,-275.930215406103
0.91378275655131,-291.495387442748
0.914182836567313,-306.711369213475
0.914582916583317,-321.534553066375
0.91498299659932,-335.922768267383
0.915383076615323,-349.835419503677
0.915783156631326,-363.233619943536
0.916183236647329,-376.080318387915
0.916583316663333,-388.340420069226
0.916983396679336,-399.98090067462
0.917383476695339,-410.970913194742
0.917783556711342,-421.281887223487
0.918183636727345,-430.887620360913
0.918583716743349,-439.764361398739
0.918983796759352,-447.890884996699
0.919383876775355,-455.248557587854
0.919783956791358,-461.821394281682
0.920184036807361,-467.596106565454
0.920584116823365,-472.562140636797
0.920984196839368,-476.711706233307
0.921384276855371,-480.039795858782
0.921784356871374,-482.544194339324
0.922184436887378,-484.225478677053
0.922584516903381,-485.087008203316
0.922984596919384,-485.134905067725
0.923384676935387,-484.378025133697
0.92378475695139,-482.827919385099
0.924184836967394,-480.498785982416
0.924584916983397,-477.407413140027
0.9249849969994,-473.573113028824
0.925385077015403,-469.017646940352
0.925785157031406,-463.765141979747
0.92618523704741,-457.841999584862
0.926585317063413,-451.276796198178
0.926985397079416,-444.100176445877
0.927385477095419,-436.344739205382
0.927785557111422,-428.044916967699
0.928185637127426,-419.236848925084
0.928585717143429,-409.958248236647
0.928985797159432,-400.248263945346
0.929385877175435,-390.147338038864
0.929785957191438,-379.697058164009
0.930186037207442,-368.940006519788
0.930586117223445,-357.91960546785
0.930986197239448,-346.679960410476
0.931386277255451,-335.26570049607
0.931786357271454,-323.721817719551
0.932186437287458,-312.093504990737
0.932586517303461,-300.425993747136
0.932986597319464,-288.76439168914
0.933386677335467,-277.153521214859
0.93378675735147,-265.63775912902
0.934186837367474,-254.260878195565
0.934586917383477,-243.065891096792
0.93498699739948,-232.094897352759
0.935387077415483,-221.388933743926
0.935787157431486,-210.987828766994
0.93618723744749,-200.930061639231
0.936587317463493,-191.25262634981
0.936987397479496,-181.990901238282
0.937387477495499,-173.17852456013
0.937787557511502,-164.847276477483
0.938187637527505,-157.026967889664
0.938587717543509,-149.745336493312
0.938987797559512,-143.027950435569
0.939387877575515,-136.898119896093
0.939787957591518,-131.376816904979
0.940188037607521,-126.482603673638
0.940588117623525,-122.23156968479
0.940988197639528,-118.637277756071
0.941388277655531,-115.710719259015
0.941788357671534,-113.460278642175
0.942188437687537,-111.891707373331
0.942588517703541,-111.008107381711
0.942988597719544,-110.809924046784
0.943388677735547,-111.294948745631
0.94378875775155,-112.458330936475
0.944188837767553,-114.292599721455
0.944588917783557,-116.787694797606
0.94498899779956,-119.931006671225
0.945389077815563,-123.707425977362
0.945789157831566,-128.099401713647
0.946189237847569,-133.087008165474
0.946589317863573,-138.64802026857
0.946989397879576,-144.757997124705
0.947389477895579,-151.390373357199
0.947789557911582,-158.516557964976
0.948189637927585,-166.106040307168
0.948589717943589,-174.126502825062
0.948989797959592,-182.543940084252
0.949389877975595,-191.322783697706
0.949789957991598,-200.426032669695
0.950190038007601,-209.815388681642
0.950590118023605,-219.451395823784
0.950990198039608,-229.293584261225
0.951390278055611,-239.300617309459
0.951790358071614,-249.430441383044
0.952190438087617,-259.640438271502
0.952590518103621,-269.887579189059
0.952990598119624,-280.128580039344
0.953390678135627,-290.320057332862
0.95379075815163,-300.418684193496
0.954190838167634,-310.381345891289
0.954590918183637,-320.165294341301
0.95499099819964,-329.728301013418
0.955391078215643,-339.028807704604
0.955791158231646,-348.026074634225
0.95619123824765,-356.680325333738
0.956591318263653,-364.952887814893
0.956991398279656,-372.80633151522
0.957391478295659,-380.204599536086
0.957791558311662,-387.113135706728
0.958191638327666,-393.499006027733
0.958591718343669,-399.331014068779
0.958991798359672,-404.579809918674
0.959391878375675,-409.217992310062
0.959791958391678,-413.220203567112
0.960192038407682,-416.56321705155
0.960592118423685,-419.226016810563
0.960992198439688,-421.189869159482
0.961392278455691,-422.438385962294
0.961792358471694,-422.957579404001
0.962192438487698,-422.735908080624
0.962592518503701,-421.764314264886
0.962992598519704,-420.03625223844
0.963392678535707,-417.547707614445
0.96379275855171,-414.297207607674
0.964192838567714,-410.2858222428
0.964592918583717,-405.517156524593
0.96499299859972,-399.997333627208
0.965393078615723,-393.734969192453
0.965793158631726,-386.741136859428
0.96619323864773,-379.029325179991
0.966593318663733,-370.615386105576
0.966993398679736,-361.517475261633
0.967393478695739,-351.755984255465
0.967793558711742,-341.353465291987
0.968193638727746,-330.334548399408
0.968593718743749,-318.725851593261
0.968993798759752,-306.555884332286
0.969393878775755,-293.85494464331
0.969793958791758,-280.655010314488
0.970194038807762,-266.98962457703
0.970594118823765,-252.893776714406
0.970994198839768,-238.403778055492
0.971394278855771,-223.557133823649
0.971794358871774,-208.392411327475
0.972194438887778,-192.949104990954
0.972594518903781,-177.267498730581
0.972994598919784,-161.388526195234
0.973394678935787,-145.353629390603
0.97379475895179,-129.204616214158
0.974194838967794,-112.983517428571
0.974594918983797,-96.7324436019171
0.9749949989998,-80.4934425408494
0.975395079015803,-64.3083577391778
0.975795159031806,-48.2186883585188
0.97619523904781,-32.2654512497672
0.976595319063813,-16.489045514623
0.976995399079816,-0.929120094730905
0.977395479095819,14.3755551372541
0.977795559111822,29.3872143254799
0.978195639127826,44.0692161753863
0.978595719143829,58.386159670856
0.978995799159832,72.3039945602117
0.979395879175835,85.7901262286846
0.979795959191838,98.8135145978042
0.980196039207842,111.344766716486
0.980596119223845,123.356222733792
0.980996199239848,134.82203497005
0.981396279255851,145.718239830373
0.981796359271854,156.022822333064
0.982196439287858,165.715773054667
0.982596519303861,174.779137323128
0.982996599319864,183.197056521073
0.983396679335867,190.955801392043
0.98379675935187,198.043797273586
0.984196839367874,204.451641212655
0.984596919383877,210.172110949997
0.98499699939988,215.200165791818
0.985397079415883,219.532939417994
0.985797159431886,223.169724707267
0.98619723944789,226.111950690219
0.986597319463893,228.363151770883
0.986997399479896,229.928929387224
0.987397479495899,230.81690630925
0.987797559511902,231.036673801344
0.988197639527906,230.599731902135
0.988597719543909,229.519423100873
0.988997799559912,227.810859713902
0.989397879575915,225.490845288016
0.989797959591918,222.577790379402
0.990198039607922,219.091623077391
0.990598119623925,215.053694661145
0.990998199639928,210.486680794847
0.991398279655931,205.414478682678
0.991798359671934,199.86210061884
0.992198439687938,193.85556438027
0.992598519703941,187.421780920001
0.992998599719944,180.58843982791
0.993398679735947,173.383893032243
0.99379875975195,165.83703722014
0.994198839767954,157.977195458456
0.994598919783957,149.833998497076
0.99499899979996,141.437266236069
0.995399079815963,132.816889835232
0.995799159831966,124.002714939854
0.99619923984797,115.024426489942
0.996599319863973,105.911435571671
0.996999399879976,96.6927687597109
0.997399479895979,87.3969603868511
0.997799559911982,78.0519481637689
0.998199639927986,68.6849725563649
0.998599719943989,59.3224803109693
0.998999799959992,49.9900324993456
0.999399879975995,40.7122174353072
0.999799959991998,31.5125687934706
1.000200040008,22.4134892379847
1.000600120024,13.4361798452399
1.00100020004001,4.60057557965035
1.00140028005601,-4.07471294443445
1.00180036007201,-12.572451208346
1.00220044008802,-20.8768258635714
1.00260052010402,-28.9734829848227
1.00300060012002,-36.8495593800514
1.00340068013603,-44.493706865349
1.00380076015203,-51.896109442037
1.00420084016803,-59.0484933433362
1.00460092018404,-65.9441299477529
1.00500100020004,-72.5778315862871
1.00540108021604,-78.945940300387
1.00580116023205,-85.0463096369022
1.00620124024805,-90.8782795955139
1.00660132026405,-96.4426448726988
1.00700140028006,-101.74161657411
1.00740148029606,-106.778777594741
1.00780156031206,-111.559031892409
1.00820164032807,-116.08854790561
1.00860172034407,-120.374696391349
1.00900180036007,-124.425982981559
1.00940188037608,-128.25197577889
1.00980196039208,-131.863228333327
1.01020204040808,-135.271198360277
1.01060212042408,-138.488162578668
1.01100220044009,-141.527128063691
1.01140228045609,-144.401740523461
1.01180236047209,-147.126189921825
1.0122024404881,-149.715113880552
1.0126025205041,-152.183499303623
1.0130026005201,-154.546582673913
1.01340268053611,-156.819749477983
1.01380276055211,-159.018433218913
1.01420284056811,-161.158014478558
1.01460292058412,-163.253720490917
1.01500300060012,-165.320525686242
1.01540308061612,-167.373053661688
1.01580316063213,-169.425481028595
1.01620324064813,-171.491443578957
1.01660332066413,-173.583945204052
1.01700340068014,-175.715269987134
1.01740348069614,-177.896897878968
1.01780356071214,-180.139424350281
1.01820364072815,-182.452484398836
1.01860372074415,-184.844681270948
1.01900380076015,-187.323520237527
1.01940388077616,-189.895347744098
1.01980396079216,-192.56529623167
1.02020404080816,-195.337234901909
1.02060412082416,-198.213726675243
1.02100420084017,-201.19599156459
1.02140428085617,-204.283876660703
1.02180436087217,-207.475832897299
1.02220444088818,-210.768898735608
1.02260452090418,-214.158690878991
1.02300460092018,-217.639402098364
1.02340468093619,-221.203806219227
1.02380476095219,-224.843270290639
1.02420484096819,-228.547773925773
1.0246049209842,-232.305935773241
1.0250050010002,-236.10504704756
1.0254050810162,-239.931112016928
1.02580516103221,-243.768895316283
1.02620524104821,-247.601975923971
1.02660532106421,-251.412807611329
1.02700540108022,-255.182785645922
1.02740548109622,-258.892319501704
1.02780556111222,-262.520911302513
1.02820564112823,-266.047239699581
1.02860572114423,-269.449248859275
1.02900580116023,-272.704242213682
1.02940588117624,-275.788980604757
1.02980596119224,-278.679784432047
1.03020604120824,-281.352639394732
1.03060612122424,-283.783305401364
1.03100620124025,-285.947428204458
1.03140628125625,-287.820653303177
1.03180636127225,-289.378741644757
1.03220644128826,-290.597686644716
1.03260652130426,-291.453832037408
1.03300660132026,-291.923990061457
1.03340668133627,-291.985559480011
1.03380676135227,-291.616642932966
1.03420684136827,-290.796163117366
1.03460692138428,-289.503977293597
1.03500700140028,-287.72098961821
1.03540708141628,-285.429260809431
1.03580716143229,-282.612114658856
1.03620724144829,-279.254240911935
1.03660732146429,-275.341794051267
1.0370074014803,-270.862487529819
1.0374074814963,-265.805683016189
1.0378075615123,-260.162474230964
1.03820764152831,-253.925764971962
1.03860772154431,-247.090340946236
1.03900780156031,-239.652935048953
1.03940788157632,-231.612285752744
1.03980796159232,-222.969188295907
1.04020804160832,-213.726538384588
1.04060812162432,-203.889368151349
1.04100820164033,-193.464874141566
1.04140828165633,-182.462437128991
1.04180836167233,-170.893633592537
1.04220844168834,-158.772238718123
1.04260852170434,-146.11422082192
1.04300860172034,-132.93772712397
1.04340868173635,-119.263060835205
1.04380876175235,-105.112649554163
1.04420884176835,-90.5110050040497
1.04460892178436,-75.484674174877
1.04500900180036,-60.0621819693126
1.04540908181636,-44.2739654850122
1.04580916183237,-28.1523000995402
1.04620924184837,-11.7312175573093
1.04660932186437,4.95358370955944
1.04700940188038,21.864835762774
1.04740948189638,38.963805546833
1.04780956191238,56.2104061607651
1.04820964192839,73.5633146585336
1.04860972194439,90.9800959964889
1.04900980196039,108.417332719747
1.0494098819764,125.83075995391
1.0498099619924,143.17540524541
1.0502100420084,160.405732771386
1.0506101220244,177.475791419863
1.05101020204041,194.339366222571
1.05141028205641,210.950132605843
1.05181036207241,227.261812910615
1.05221044208842,243.228334619605
1.05261052210442,258.803989719136
1.05301060212042,273.943594614747
1.05341068213643,288.602650012923
1.05381076215243,302.737500177522
1.05421084216843,316.305490967091
1.05461092218444,329.265126059743
1.05501100220044,341.576220774706
1.05541108221644,353.200052904177
1.05581116223245,364.099509976371
1.05621124224845,374.239232379505
1.05661132226445,383.585751787996
1.05701140228046,392.10762434568
1.05741148229646,399.775558076308
1.05781156231246,406.562534009486
1.05821164232847,412.443920529812
1.05861172234447,417.397580478656
1.05901180236047,421.403970561607
1.05941188237648,424.446232639806
1.05981196239248,426.510276510685
1.06021204240848,427.584853811975
1.06061212242448,427.661622713211
1.06101220244049,426.735203090603
1.06141228245649,424.803221913731
1.06181236247249,421.866348606971
1.0622124424885,417.928320183306
1.0626125225045,412.995955984498
1.0630126025205,407.079161898355
1.06341268253651,400.190923961268
1.06381276255251,392.347291292414
1.06421284256851,383.567348344361
1.06461292258452,373.873176493511
1.06501300260052,363.289805032718
1.06541308261652,351.845151667094
1.06581316263253,339.569952652716
1.06621324264853,326.497682756136
1.06661332266453,312.664465250557
1.06701340268054,298.108972201514
1.06741348269654,282.872315331736
1.06781356271254,266.997927790089
1.06821364272855,250.531437184262
1.06861372274455,233.520530270362
1.06901380276055,216.014809724443
1.06941388277656,198.065643452154
1.06981396279256,179.726006921577
1.07021404280856,161.050319031984
1.07061412282456,142.094272057485
1.07101420284057,122.914656227834
1.07141428285657,103.569179531589
1.07181436287257,84.1162833462598
1.07221444288858,64.6149545181584
1.07261452290458,45.124534530926
1.07301460292058,25.7045264143927
1.07341468293659,6.4144000575059
1.07381476295259,-12.6866034025574
1.07421484296859,-31.5396674364379
1.0746149229846,-50.0865955407689
1.0750150030006,-68.270005534324
1.0754150830166,-86.0335220483052
1.07581516303261,-103.321966530627
1.07621524304861,-120.08154408981
1.07661532306461,-136.260026511915
1.07701540308062,-151.806930795326
1.07741548309662,-166.673692560523
1.07781556311262,-180.813833707899
1.07821564312863,-194.183123714302
1.07861572314463,-206.739733978749
1.07901580316063,-218.444384650367
1.07941588317664,-229.260483395497
1.07981596319264,-239.154255587483
1.08021604320864,-248.094865430997
1.08061612322464,-256.054527562627
1.08101620324065,-263.008608701619
1.08141628325665,-268.935718958094
1.08181636327265,-273.817792440981
1.08221644328866,-277.640156844637
1.08261652330466,-280.391591730506
1.08301660332066,-282.064375259294
1.08341668333667,-282.654319168935
1.08381676335267,-282.160791834154
1.08421684336867,-280.586729285234
1.08461692338468,-277.938634105224
1.08501700340068,-274.226562167513
1.08541708341668,-269.464097218312
1.08581716343269,-263.668313351347
1.08621724344869,-256.85972546486
1.08661732346469,-249.062227833729
1.0870174034807,-240.303020971482
1.0874174834967,-230.612526998955
1.0878175635127,-220.024293777331
1.08821764352871,-208.574888103479
1.08861772354471,-196.303778305086
1.08901780356071,-183.253206611073
1.08941788357672,-169.468051709825
1.08981796359272,-154.995681943699
1.09021804360872,-139.885799621859
1.09061812362472,-124.190276966677
1.09101820364073,-107.962984239131
1.09141828365673,-91.2596106177924
1.09181836367273,-74.1374784331557
1.09221844368874,-56.655351383394
1.09261852370474,-38.8732373808893
1.09301860372074,-20.8521866991473
1.09341868373675,-2.65408610755253
1.09381876375275,15.658550302155
1.09421884376875,34.0227928813169
1.09461892378476,52.3755100538752
1.09501900380076,70.6535830742967
1.09541908381676,88.7941211726419
1.09581916383277,106.734676342095
1.09621924384877,124.413457024401
1.09661932386477,141.76953995045
1.09701940388078,158.743079398402
1.09741948389678,175.275513139185
1.09781956391278,191.309764349152
1.09821964392879,206.790438782617
1.09861972394479,221.664016511825
1.09901980396079,235.879037559913
1.0994198839768,249.386280772345
1.0998199639928,262.138935294586
1.1002200440088,274.092764048858
1.10062012402481,285.206258629316
1.10102020404081,295.4407850642
1.10142028405681,304.76071992451
1.10182036407281,313.133576291431
1.10222044408882,320.530119129656
1.10262052410482,326.924469649781
1.10302060412082,332.294198280983
1.10342068413683,336.620405914326
1.10382076415283,339.887793117472
1.10422084416883,342.084717063249
1.10462092418484,343.203235957065
1.10502100420084,343.239140791463
1.10542108421684,342.191974300237
1.10582116423285,340.065037029013
1.10622124424885,336.865380484117
1.10662132426485,332.603787366633
1.10702140428086,327.294738943652
1.10742148429686,320.956369653687
1.10782156431286,313.610409087999
1.10822164432887,305.282111533684
1.10862172434487,296.000173308098
1.10902180436087,285.796638157121
1.10942188437688,274.706791031508
1.10982196439288,262.769040596712
1.11022204440888,250.024790871124
1.11062212442489,236.518302425845
1.11102220444089,222.296543616372
1.11142228445689,207.409032351175
1.11182236447289,191.907668936158
1.1122224444889,175.846560565343
1.1126225245049,159.281838057549
1.1130226045209,142.271465466747
1.11342268453691,124.875043218757
1.11382276455291,107.153605450155
1.11422284456891,89.1694122459893
1.11462292458492,70.9857374909113
1.11502300460092,52.6666530644308
1.11542308461692,34.2768101238144
1.11582316463293,15.8812182290313
1.11622324464893,-2.45497692808941
1.11662332466493,-20.6667164231385
1.11702340468094,-38.6892508566714
1.11742348469694,-56.4583622003044
1.11782356471294,-73.9105839642828
1.11822364472895,-90.9834189250769
1.11862372474495,-107.615553659861
1.11902380476095,-123.747069145374
1.11942388477696,-139.319646692538
1.11982396479296,-154.276768503787
1.12022404480896,-168.56391215901
1.12062412482497,-182.128738356853
1.12102420484097,-194.921271261403
1.12142428485697,-206.894070830188
1.12182436487297,-218.002396526886
1.12222444488898,-228.20436185244
1.12262452490498,-237.461079160089
1.12302460492098,-245.736794253362
1.12342468493699,-252.999010302138
1.12382476495299,-259.218600648562
1.12422484496899,-264.36991011358
1.124624924985,-268.430844454889
1.125025005001,-271.382947668121
1.125425085017,-273.211466865722
1.12582516503301,-273.90540451099
1.12622524504901,-273.457557828847
1.12662532506501,-271.864545259577
1.12702540508102,-269.126819866749
1.12742548509702,-265.248669655999
1.12782556511302,-260.238204806775
1.12822564512903,-254.107331864703
1.12862572514503,-246.871714987418
1.12902580516103,-238.550724381713
1.12942588517704,-229.167372114287
1.12982596519304,-218.748235521991
1.13022604520904,-207.323368490681
1.13062612522504,-194.926200913387
1.13102620524105,-181.593426679711
1.13142628525705,-167.364880587735
1.13182636527305,-152.283404607826
1.13222644528906,-136.394703964729
1.13262652530506,-119.747193538797
1.13302660532106,-102.391835120842
1.13342668533707,-84.381966086215
1.13382676535307,-65.7731200827595
1.13422684536907,-46.6228403549658
1.13462692538508,-26.9904863510033
1.13502700540108,-6.9370342824656
1.13542708541708,13.4751276733608
1.13582716543309,34.1824088210414
1.13622724544909,55.1202293210432
1.13662732546509,76.2232367546892
1.1370274054811,97.4255251337578
1.1374274854971,118.660855601193
1.1378275655131,139.862878064424
1.13822764552911,160.965353000359
1.13862772554511,181.902372672021
1.13902780556111,202.608580999136
1.13942788557712,223.019391331503
1.13982796559312,243.071201381905
1.14022804560912,262.701604586159
1.14062812562512,281.849597172017
1.14102820564113,300.455780233811
1.14142828565713,318.462556128891
1.14182836567313,335.814318532425
1.14222844568914,352.457635509995
1.14262852570514,368.341424993395
1.14302860572114,383.417122071625
1.14342868573715,397.638837539204
1.14382876575315,410.963507174993
1.14422884576915,423.351031257561
1.14462892578516,434.764403858591
1.14502900580116,445.169831491443
1.14542908581716,454.536840730162
1.14582916583317,462.838374453248
1.14622924584917,470.050876406266
1.14662932586517,476.154363819047
1.14702940588118,481.132487854763
1.14742948589718,484.97258171103
1.14782956591318,487.665696236425
1.14822964592919,489.206622969226
1.14862972594519,489.593904549137
1.14902980596119,488.829832496585
1.1494298859772,486.920432397941
1.1498299659932,483.875436578609
1.1502300460092,479.708244389085
1.1506301260252,474.435870271646
1.15103020604121,468.078879817268
1.15143028605721,460.661314063494
1.15183036607321,452.21060232391
1.15223044608922,442.75746387898
1.15263052610522,432.335798895591
1.15303060612122,420.982568978917
1.15343068613723,408.737667795121
1.15383076615323,395.643782236298
1.15423084616923,381.74624463072
1.15463092618524,367.092876530729
1.15503100620124,351.733824638176
1.15543108621724,335.721389453084
1.15583116623325,319.109847254108
1.15623124624925,301.955266040937
1.15663132626525,284.315316087399
1.15703140628126,266.249075770533
1.15743148629726,247.816833355208
1.15783156631326,229.079885425223
1.15823164632927,210.100332661406
1.15863172634527,190.940873673578
1.15903180636127,171.664597597546
1.15943188637728,152.334776170209
1.15983196639328,133.014655994422
1.16023204640928,113.767251702566
1.16063212642529,94.655140721437
1.16103220644129,75.7402603327645
1.16143228645729,57.083707713408
1.16183236647329,38.7455436253831
1.1622324464893,20.784600411216
1.1626325265053,3.25829493188522
1.1630326065213,-13.7775529351726
1.16343268653731,-30.2688956421269
1.16383276655331,-46.1636265897058
1.16423284656931,-61.4117414731714
1.16463292658532,-75.9654918374844
1.16503300660132,-89.7795303535531
1.16543308661732,-102.811047357915
1.16583316663333,-115.019898231585
1.16623324664933,-126.368721227105
1.16663332666533,-136.82304538834
1.16703340668134,-146.351388243976
1.16743348669734,-154.92534299262
1.16783356671334,-162.519654935854
1.16823364672935,-169.112286954251
1.16863372674535,-174.684473860778
1.16903380676135,-179.220765505793
1.16943388677736,-182.709058547918
1.16983396679336,-185.14061684518
1.17023404680936,-186.510080461067
1.17063412682537,-186.815463320008
1.17103420684137,-186.05813958648
1.17143428685737,-184.24281888124
1.17183436687337,-181.377510486659
1.17223444688938,-177.473476731045
1.17263452690538,-172.545175778973
1.17303460692138,-166.610194090431
1.17343468693739,-159.6891688467
1.17383476695339,-151.805700674405
1.17423484696939,-142.986257031417
1.1746349269854,-133.260066649303
1.1750350070014,-122.659005455961
1.1754350870174,-111.217474429876
1.17583516703341,-98.9722698631706
1.17623524704941,-85.9624465343505
1.17663532706541,-72.2291743140274
1.17703540708142,-57.8155887464898
1.17743548709742,-42.7666361682296
1.17783556711342,-27.1289139402177
1.17823564712943,-10.9505063842431
1.17863572714543,5.71918297464072
1.17903580716143,22.8296022487268
1.17943588717744,40.3292244932047
1.17983596719344,58.1657228540454
1.18023604720944,76.2861469334428
1.18063612722545,94.637099747467
1.18103620724145,113.164914653344
1.18143628725745,131.815831627764
1.18183636727345,150.536172284455
1.18223644728946,169.272513028307
1.18263652730546,187.971855753745
1.18303660732146,206.581795508912
1.18343668733747,225.05068456161
1.18383676735347,243.327792320367
1.18423684736947,261.363460583151
1.18463692738548,279.109253606457
1.18503700740148,296.518102510643
1.18543708741748,313.544443561034
1.18583716743349,330.144349890162
1.18623724744949,346.275656253843
1.18663732746549,361.898076441655
1.1870374074815,376.973312992645
1.1874374874975,391.465158897331
1.1878375675135,405.33959099903
1.18823764752951,418.564854840062
1.18863772754551,431.111540731473
1.18903780756151,442.952650859103
1.18943788757752,454.063657272826
1.18983796759352,464.422550640686
1.19023804760952,474.009879684467
1.19063812762553,482.808781248092
1.19103820764153,490.805000985332
1.19143828765753,497.986904687696
1.19183836767353,504.345480308095
1.19223844768954,509.874330769531
1.19263852770554,514.569657681546
1.19303860772154,518.430236119854
1.19343868773755,521.457380656281
1.19383876775355,523.654902857254
1.19423884776955,525.029060498862
1.19463892778556,525.588498775166
1.19503900780156,525.34418380415
1.19543908781756,524.309328761584
1.19583916783357,522.499312998003
1.19623924784957,519.931594517024
1.19663932786557,516.62561621486
1.19703940788158,512.602706300872
1.19743948789758,507.885973337051
1.19783956791358,502.500196350718
1.19823964792959,496.471710489319
1.19863972794559,489.828288698738
1.19903980796159,482.59901991727
1.1994398879776,474.814184286086
1.1998399679936,466.505125883867
1.2002400480096,457.704123497842
1.20064012802561,448.444259946448
1.20104020804161,438.759290469312
1.20144028805761,428.683510699205
1.20184036807361,418.251624727256
1.20224044808962,407.498613767517
1.20264052810562,396.459605919997
1.20304060812162,385.169747522098
1.20344068813763,373.664076567631
1.20384076815363,361.977398660065
1.20424084816963,350.144165952096
1.20464092818564,338.198359507832
1.20504100820164,326.173375506187
1.20544108821764,314.101915684914
1.20584116823365,302.015882404371
1.20624124824965,289.946278687949
1.20664132826565,277.923113573282
1.20704140828166,265.975313083874
1.20744148829766,254.130637105469
1.20784156831366,242.415602425442
1.20824164832967,230.855412166071
1.20864172834567,219.473891815034
1.20904180836167,208.293432027905
1.20944188837768,197.334938348448
1.20984196839368,186.617787963422
1.21024204840968,176.159793578779
1.21064212842569,165.977174474734
1.21104220844169,156.0845347672
1.21144228845769,146.494848873628
1.21184236847369,137.219454151867
1.2122424484897,128.268050651376
1.2126425285057,119.648707887853
1.2130426085217,111.367878523849
1.21344268853771,103.430418810707
1.21384276855371,95.8396156205957
1.21424284856971,88.5972198712661
1.21464292858572,81.7034861218052
1.21504300860172,75.1572180934392
1.21544308861772,68.9558198470651
1.21584316863373,63.0953523279007
1.21624324864973,57.5705949672545
1.21664332866573,52.3751120130457
1.21704340868174,47.5013232434261
1.21744348869774,42.9405787019749
1.21784356871374,38.6832370791383
1.21824364872975,34.7187473517876
1.21864372874575,31.0357332821515
1.21904380876175,27.6220803682379
1.21944388877776,24.4650248303145
1.21984396879376,21.5512442126473
1.22024404880976,18.8669491756912
1.22064412882577,16.3979760517639
1.22104420884177,14.1298797372668
1.22144428885777,12.0480264955881
1.22184436887377,10.1376862483572
1.22224444888978,8.38412393766434
1.22264452890578,6.77268954841335
1.22304460892178,5.28890638847272
1.22344468893779,3.91855723433528
1.22384476895379,2.64776796148277
1.22424484896979,1.4630882919152
1.2246449289858,0.351569305850575
1.2250450090018,-0.699162619278013
1.2254450890178,-1.7008357621018
1.22584516903381,-2.66446720370473
1.22624524904981,-3.6003014481654
1.22664532906581,-4.51775377731673
1.22704540908182,-5.42535857784321
1.22744548909782,-6.33072285592988
1.22784556911382,-7.2404851309926
1.22824564912983,-8.16027987554583
1.22864572914583,-9.09470764322793
1.22904580916183,-10.0473110014423
1.22944588917784,-11.0205563590419
1.22984596919384,-12.0158217531953
1.23024604920984,-13.0333906331027
1.23064612922585,-14.0724516516507
1.23104620924185,-15.1311044494628
1.23144628925785,-16.206371389502
1.23184636927385,-17.2942151740714
1.23224644928986,-18.3895622502676
1.23264652930586,-19.4863318845705
1.23304660932186,-20.5774707623789
1.23344668933787,-21.6549929441296
1.23384676935387,-22.710024986219
1.23424684936987,-23.7328560123663
1.23464692938588,-24.7129924994071
1.23504700940188,-25.6392175209138
1.23544708941788,-26.49965417254
1.23584716943389,-27.2818328846167
1.23624724944989,-27.9727623106339
1.23664732946589,-28.5590034642671
1.2370474094819,-29.0267467635972
1.2374474894979,-29.3618916280565
1.2378475695139,-29.5501282623164
1.23824764952991,-29.5770212516862
1.23864772954591,-29.4280945850642
1.23904780956191,-29.0889177151143
1.23944788957792,-28.5451922602893
1.23984796959392,-27.782838949949
1.24024804960992,-26.7880844123064
1.24064812962593,-25.5475474049409
1.24104820964193,-24.0483240893098
1.24144828965793,-22.2780719542242
1.24184836967393,-20.2250919981594
1.24224844968994,-17.8784087871056
1.24264852970594,-15.2278480129987
1.24304860972194,-12.2641111875367
1.24344868973795,-8.97884711770931
1.24384876975395,-5.36471982236478
1.24424884976995,-1.41547256328975
1.24464892978596,2.87401231975841
1.24504900980196,7.50765806373873
1.24544908981796,12.4881429020591
1.24584916983397,17.8168545051214
1.24624924984997,23.4938496771001
1.24664932986597,29.5178195225463
1.24704940988198,35.8860602741222
1.24744948989798,42.5944499493975
1.24784956991398,49.6374309804655
1.24824964992999,57.00799893561
1.24864972994599,64.6976974269767
1.24904980996199,72.6966192723369
1.249449889978,80.9934139533523
1.249849969994,89.5753013862809
1.25025005001,98.4280919946468
1.25065013002601,107.536213047358
1.25105021004201,116.88274119903
1.25145029005801,126.449441143502
1.25185037007401,136.216810265672
1.25225045009002,146.164129151243
1.25265053010602,156.269517789365
1.25305061012202,166.509997278625
1.25345069013803,176.861556823461
1.25385077015403,187.299225785334
1.25425085017003,197.797150530897
1.25465093018604,208.328675798944
1.25505101020204,218.866430287725
1.25545109021804,229.382416145735
1.25585117023405,239.848102031848
1.25625125025005,250.234519394106
1.25665133026605,260.512361602244
1.25705141028206,270.65208555526
1.25745149029806,280.624015373801
1.25785157031406,290.398447776724
1.25825165033007,299.945758732371
1.25865173034607,309.236510968202
1.25905181036207,318.241561916752
1.25945189037808,326.932171672099
1.25985197039408,335.280110529206
1.26025205041008,343.257765677548
1.26065213042609,350.838246622363
1.26105221044209,357.995488909287
1.26145229045809,364.704355733213
1.26185237047409,370.940737018505
1.2622524504901,376.681645565527
1.2626525305061,381.905309868336
1.2630526105221,386.591263219647
1.26345269053811,390.720428731657
1.26385277055411,394.275199916122
1.26425285057011,397.239516482392
1.26465293058612,399.598935029504
1.26505301060212,401.340694326905
1.26545309061812,402.453774898003
1.26585317063413,402.928952641769
1.26625325065013,402.75884624966
1.26665333066613,401.937958198039
1.26705341068214,400.462709120448
1.26745349069814,398.331465388771
1.26785357071414,395.544559757892
1.26825365073015,392.10430495485
1.26865373074615,388.015000119969
1.26905381076215,383.282930034859
1.26945389077816,377.916357099754
1.26985397079416,371.925506050146
1.27025405081016,365.32254143099
1.27065413082617,358.121537874322
1.27105421084217,350.338443254051
1.27145429085817,341.991034819536
1.27185437087417,333.098868436458
1.27225445089018,323.68322109077
1.27265453090618,313.76702683777
1.27305461092218,303.374806403907
1.27345469093819,292.532590674416
1.27385477095419,281.267838323551
1.27425485097019,269.609347867938
1.2746549309862,257.587164445695
1.2750550110022,245.23248164497
1.2754550910182,232.577538725977
1.27585517103421,219.655513599007
1.27625525105021,206.500411938467
1.27665533106621,193.146952829099
1.27705541108222,179.630451354791
1.27745549109822,165.986698553891
1.27785557111422,152.251839175857
1.27825565113023,138.462247684309
1.27865573114623,124.654402959538
1.27905581116223,110.864762159845
1.27945589117824,97.129634206182
1.27985597119424,83.4850533570482
1.28025605121024,69.9666533422813
1.28065613122625,56.6095425234572
1.28105621124225,43.4481805463854
1.28145629125825,30.5162569472341
1.28185637127425,17.8465721676195
1.28225645129026,5.47092142670041
1.28265653130626,-6.58001811114261
1.28305661132226,-18.2767964455614
1.28345669133827,-29.5912957112961
1.28385677135427,-40.4968306105132
1.28425685137027,-50.9682439213508
1.28465693138628,-60.9819967150655
1.28505701140228,-70.5162529328606
1.28545709141828,-79.5509579934179
1.28585717143429,-88.0679111235395
1.28625725145029,-96.0508311270264
1.28665733146629,-103.48541533018
1.2870574114823,-110.35939146742
1.2874574914983,-116.66256229597
1.2878575715143,-122.38684275493
1.28825765153031,-127.526289511546
1.28865773154631,-132.077122765199
1.28905781156231,-136.037740208004
1.28945789157832,-139.40872307002
1.28985797159432,-142.192834205918
1.29025805161032,-144.395008209687
1.29065813162633,-146.022333573268
1.29105821164233,-147.084026934557
1.29145829165833,-147.591399489687
1.29185837167433,-147.557815673656
1.29225845169034,-146.998644242108
1.29265853170634,-145.931201915712
1.29305861172234,-144.374689776109
1.29345869173835,-142.350122629969
1.29385877175435,-139.880251583878
1.29425885177035,-136.989480098413
1.29465893178636,-133.703773814548
1.29505901180236,-130.050564468927
1.29545909181836,-126.058648237103
1.29585917183437,-121.758078865104
1.29625925185037,-117.180055969494
1.29665933186637,-112.356808904789
1.29705941188238,-107.321476614073
1.29745949189838,-102.107983894389
1.29785957191438,-96.7509145223005
1.29825965193039,-91.2853816976238
1.29865973194639,-85.7468962738943
1.29905981196239,-80.1712332531516
1.2994598919784,-74.594297029961
1.2998599719944,-69.0519858749067
1.3002600520104,-63.5800561516028
1.30066013202641,-58.213986763
1.30106021204241,-52.9888443227777
1.30146029205841,-47.9391495459729
1.30186037207441,-43.0987453490675
1.30226045209042,-38.5006671445945
1.30266053210642,-34.1770158078833
1.30306061212242,-30.1588337846886
1.30346069213843,-26.4759847976303
1.30386077215443,-23.1570375969505
1.30426085217043,-20.2291541870488
1.30466093218644,-17.7179829445176
1.30506101220244,-15.6475570261741
1.30546109221844,-14.0401984469259
1.30586117223445,-12.9164281871323
1.30626125225045,-12.2948826676692
1.30666133226645,-12.1922369082029
1.30706141228246,-12.6231346602964
1.30746149229846,-13.6001257819304
1.30786157231446,-15.1336110940826
1.30826165233047,-17.2317949331553
1.30866173234647,-19.9006455852448
1.30906181236247,-23.1438637599856
1.30946189237848,-26.9628592326741
1.30986197239448,-31.3567357538027
1.31026205241048,-36.3222842954856
1.31066213242649,-41.8539846739524
1.31106221244249,-47.9440155570145
1.31146229245849,-54.5822728352474
1.31186237247449,-61.756396305077
1.3122624524905,-69.4518045821109
1.3126625325065,-77.6517381330966
1.3130626125225,-86.3373102854354
1.31346269253851,-95.4875660444768
1.31386277255451,-105.079548520149
1.31426285257051,-115.088372737218
1.31466293258652,-125.487306576482
1.31506301260252,-136.247858568339
1.31546309261852,-147.339872235398
1.31586317263453,-158.73162665687
1.31626325265053,-170.389942905055
1.31666333266653,-182.280295982719
1.31706341268254,-194.366931870331
1.31746349269854,-206.612989273501
1.31786357271454,-218.980625643798
1.31826365273055,-231.431147030734
1.31866373274655,-243.925141308652
1.31906381276255,-256.42261430996
1.31946389277856,-268.883128385661
1.31986397279456,-281.26594290513
1.32026405281056,-293.530156200215
1.32066413282657,-305.634848453067
1.32106421284257,-317.539225024026
1.32146429285857,-329.202759714013
1.32186437287457,-340.585337455818
1.32226445289058,-351.647395931212
1.32266453290658,-362.350065613887
1.32306461292258,-372.655307744377
1.32346469293859,-382.526049750281
1.32386477295459,-391.926317633952
1.32426485297059,-400.821364861195
1.3246649329866,-409.177797296439
1.3250650130026,-416.963693744278
1.3254650930186,-424.148721672991
1.32586517303461,-430.704247712561
1.32626525305061,-436.603442538732
1.32666533306661,-441.821379774369
1.32706541308262,-446.335128560827
1.32746549309862,-450.123839474669
1.32786557311462,-453.16882348859
1.32826565313063,-455.453623700295
1.32866573314663,-456.964079578712
1.32906581316263,-457.688383503503
1.32946589317864,-457.617129401239
1.32986597319464,-456.743353309519
1.33026605321064,-455.062565728925
1.33066613322665,-452.572775651812
1.33106621324265,-449.274506186201
1.33146629325865,-445.170801722763
1.33186637327465,-440.267226622637
1.33226645329066,-434.571855433636
1.33266653330666,-428.09525467206
1.33306661332266,-420.850456237038
1.33346669333867,-412.852922553326
1.33386677335467,-404.120503567607
1.33426685337067,-394.673385751499
1.33466693338668,-384.534033292255
1.33506701340268,-373.727121679278
1.33546709341868,-362.279463920699
1.33586717343469,-350.219929649692
1.33626725345069,-337.579357404539
1.33666733346669,-324.390460389709
1.3370674134827,-310.687726047543
1.3374674934987,-296.507309790716
1.3378675735147,-281.886923265696
1.33826765353071,-266.86571753533
1.33866773354671,-251.484161585554
1.33906781356271,-235.783916576829
1.33946789357872,-219.807706274231
1.33986797359472,-203.599184102806
1.34026805361072,-187.202797285058
1.34066813362673,-170.663648526323
1.34106821364273,-154.027355721496
1.34146829365873,-137.339910161312
1.34186837367473,-120.647533720998
1.34226845369074,-103.996535515666
1.34266853370674,-87.4331685071505
1.34306861372274,-71.0034865461644
1.34346869373875,-54.7532023296722
1.34386877375475,-38.7275467493858
1.34426885377075,-22.9711301003933
1.34466893378676,-7.52780561065237
1.34506901380276,7.55946425703599
1.34546909381876,22.2487382910708
1.34586917383477,36.499223377804
1.34626925385077,50.271397296214
1.34666933386677,63.527127063702
1.34706941388278,76.2297824527358
1.34746949389878,88.3443443169058
1.34786957391478,99.8375073842935
1.34826965393079,110.6777771967
1.34866973394679,120.835560895307
1.34906981396279,130.283251575696
1.3494698939788,138.995305959087
1.3498699739948,146.948315150851
1.3502700540108,154.121068282587
1.35067013402681,160.494608859657
1.35107021404281,166.05228366241
1.35147029405881,170.779784075849
1.35187037407482,174.665179749546
1.35227045409082,177.698944516679
1.35267053410682,179.873974528413
1.35307061412282,181.185598587099
1.35347069413883,181.63158068896
1.35387077415483,181.212114813955
1.35427085417083,179.929812027256
1.35467093418684,177.789679983061
1.35507101420284,174.799094947406
1.35547109421884,170.967766481931
1.35587117423485,166.307694955079
1.35627125425085,160.833122071301
1.35667133426685,154.56047463172
1.35707141428286,147.508301762002
1.35747149429886,139.697205864259
1.35787157431486,131.149767569904
1.35827165433087,121.890464989526
1.35867173434687,111.945587573372
1.35907181436287,101.343144912845
1.35947189437888,90.112770828441
1.35987197439488,78.285623103549
1.36027205441088,65.8942792360526
1.36067213442689,52.9726285905382
1.36107221444289,39.5557613438076
1.36147229445889,25.6798546242274
1.3618723744749,11.3820562520552
1.3622724544909,-3.29963350679961
1.3626725345069,-18.3264817580173
1.3630726145229,-33.6591439492118
1.36347269453891,-49.2577855751775
1.36387277455491,-65.082204201089
1.36427285457091,-81.0919513888958
1.36467293458692,-97.2464541167867
1.36507301460292,-113.505135286673
1.36547309461892,-129.827532921931
1.36587317463493,-146.173417666098
1.36627325465093,-162.502908202695
1.36667333466693,-178.776584227773
1.36707341468294,-194.955596618916
1.36747349469894,-211.001774457988
1.36787357471494,-226.877728579887
1.36827365473095,-242.546951334905
1.36867373474695,-257.97391226956
1.36907381476295,-273.124149448191
1.36947389477896,-287.964356156394
1.36987397479496,-302.462462746769
1.37027405481096,-316.587713407532
1.37067413482697,-330.310737655362
1.37107421484297,-343.603616375115
1.37147429485897,-356.439942250856
1.37187437487498,-368.794874454787
1.37227445489098,-380.645187483006
1.37267453490698,-391.969314049898
1.37307461492298,-402.747381975302
1.37347469493899,-412.9612450218
1.37387477495499,-422.594507661869
1.37427485497099,-431.632543777229
1.374674934987,-440.062509315226
1.375075015003,-447.87334894868
1.375475095019,-455.055796807598
1.37587517503501,-461.60237137202
1.37627525505101,-467.507364635749
1.37667533506701,-472.766825670763
1.37707541508302,-477.378538741097
1.37747549509902,-481.341996133501
1.37787557511502,-484.658365889614
1.37827565513103,-487.330454641025
1.37867573514703,-489.36266576436
1.37907581516303,-490.760953088031
1.37947589517904,-491.53277039589
1.37987597519504,-491.687016985551
1.38027605521104,-491.233979550369
1.38067613522705,-490.185270664168
1.38107621524305,-488.553764156782
1.38147629525905,-486.35352767604
1.38187637527505,-483.599752738259
1.38227645529106,-480.30868257437
1.38267653530706,-476.497538082748
1.38307661532306,-472.184442202147
1.38347669533907,-467.388343019625
1.38387677535507,-462.128935928083
1.38427685537107,-456.426585146911
1.38467693538708,-450.302244916609
1.38507701540308,-443.777380674375
1.38547709541908,-436.873890512851
1.38587717543509,-429.614027217852
1.38627725545109,-422.020321173692
1.38667733546709,-414.115504416359
1.3870774154831,-405.922436105203
1.3874774954991,-397.464029673463
1.3878775755151,-388.763181906505
1.38827765553111,-379.842704184291
1.38867773554711,-370.725256111545
1.38907781556311,-361.433281745081
1.38947789557912,-351.988948613202
1.38987797559512,-342.414089706702
1.39027805561112,-332.730148605363
1.39067813562713,-322.958127887281
1.39107821564313,-313.118540951728
1.39147829565913,-303.231367369151
1.39187837567513,-293.316011854391
1.39227845569114,-283.391266941853
1.39267853570714,-273.475279423412
1.39307861572314,-263.585520592176
1.39347869573915,-253.738760317682
1.39387877575515,-243.951044960111
1.39427885577115,-234.237679114157
1.39467893578716,-224.613211155575
1.39507901580316,-215.091422546845
1.39547909581916,-205.685320842025
1.39587917583517,-196.407136314539
1.39627925585117,-187.268322116625
1.39667933586717,-178.279557864134
1.39707941588318,-169.450756526028
1.39747949589918,-160.791074484971
1.39787957591518,-152.308924621996
1.39827965593119,-144.011992267086
1.39867973594719,-135.907253846023
1.39907981596319,-128.000998043865
1.3994798959792,-120.298849296389
1.3998799759952,-112.805793412622
1.4002800560112,-105.526205124272
1.40068013602721,-98.4638773520268
1.40108021604321,-91.6220519733627
1.40148029605921,-85.003451872751
1.40188037607521,-78.6103140520685
1.40228045609122,-72.4444235773124
1.40268053610722,-66.5071481369975
1.40308061612322,-60.7994729878952
1.40348069613923,-55.3220360653582
1.40388077615523,-50.0751630379668
1.40428085617123,-45.0589020896359
1.40468093618724,-40.2730582172218
1.40508101620324,-35.7172268370278
1.40548109621924,-31.3908265002838
1.40588117623525,-27.2931305252127
1.40628125625125,-23.4232973616498
1.40668133626725,-19.7803995134838
1.40708141628326,-16.3634508542746
1.40748149629926,-13.1714321822014
1.40788157631526,-10.2033148721284
1.40828165633127,-7.45808249459574
1.40868173634727,-4.93475028455882
1.40908181636327,-2.63238235578822
1.40948189637928,-0.550106570775569
1.40988197639528,1.3128730098766
1.41028205641128,2.95726616016515
1.41068213642729,4.38368905016239
1.41108221644329,5.59265936808131
1.41148229645929,6.58459401962844
1.4118823764753,7.35980940612825
1.4122824564913,7.9185242678904
1.4126825365073,8.26086506419102
1.4130826165233,8.38687384633226
1.41348269653931,8.29651856573295
1.41388277655531,7.98970574446432
1.41428285657131,7.46629542185065
1.41468293658732,6.72611827713446
1.41508301660332,5.76899481511734
1.41548309661932,4.59475648925252
1.41588317663533,3.20326862486148
1.41628325665133,1.59445499375184
1.41668333666733,-0.231676118704371
1.41708341668334,-2.2750045228686
1.41748349669934,-4.53526958808884
1.41788357671534,-7.01204074547896
1.41828365673135,-9.70468722299677
1.41868373674735,-12.6123472115856
1.41908381676335,-15.7338966663587
1.41948389677936,-19.0679179511007
1.41988397679536,-22.6126685371875
1.42028405681136,-26.3660499705096
1.42068413682737,-30.3255773207226
1.42108421684337,-34.4883493271955
1.42148429685937,-38.8510194550341
1.42188437687538,-43.4097680722745
1.42228445689138,-48.1602759561108
1.42268453690738,-53.0976993318611
1.42308461692338,-58.2166466428154
1.42348469693939,-63.5111572431068
1.42388477695539,-68.9746821980349
1.42428485697139,-74.6000673682279
1.4246849369874,-80.3795389447096
1.4250850170034,-86.3046915917846
1.4254850970194,-92.3664793436449
1.42588517703541,-98.5552093888741
1.42628525705141,-104.860538864414
1.42668533706741,-111.271474767265
1.42708541708342,-117.776377078306
1.42748549709942,-124.362965178125
1.42788557711542,-131.018327619569
1.42828565713143,-137.728935306466
1.42868573714743,-144.48065811169
1.42908581716343,-151.258784951847
1.42948589717944,-158.048047319146
1.42988597719544,-164.832646254301
1.43028605721144,-171.596282727702
1.43068613722745,-178.322191378942
1.43108621724345,-184.993177548214
1.43148629725945,-191.591657516323
1.43188637727546,-198.099701853335
1.43228645729146,-204.499081759991
1.43268653730746,-210.771318269689
1.43308661732346,-216.897734163536
1.43348669733947,-222.859508435946
1.43388677735547,-228.637733133532
1.43428685737147,-234.213472376392
1.43468693738748,-239.567823357587
1.43508701740348,-244.681979104088
1.43548709741948,-249.537292770917
1.43588717743549,-254.115343229384
1.43628725745149,-258.39800170038
1.43668733746749,-262.367499174923
1.4370874174835,-266.006494356079
1.4374874974995,-269.298141849782
1.4378875775155,-272.226160326069
1.43828765753151,-274.774900367951
1.43868773754751,-276.929411721388
1.43908781756351,-278.675509657869
1.43948789757952,-279.999840159878
1.43988797759552,-280.889943639696
1.44028805761152,-281.334316903597
1.44068813762753,-281.322473075887
1.44108821764353,-280.844999201261
1.44148829765953,-279.893611249157
1.44188837767554,-278.461206249915
1.44228845769154,-276.541911300331
1.44268853770754,-274.131129184751
1.44308861772354,-271.22558036789
1.44348869773955,-267.823341126579
1.44388877775555,-263.923877599678
1.44428885777155,-259.528075548703
1.44468893778756,-254.6382656359
1.44508901780356,-249.258244041567
1.44548909781956,-243.393288258657
1.44588917783557,-237.050167919506
1.44628925785157,-230.23715052726
1.44668933786757,-222.964001983104
1.44708941788358,-215.241981819415
1.44748949789958,-207.083833068591
1.44788957791558,-198.503766717757
1.44828965793159,-189.517440719817
1.44868973794759,-180.141933552583
1.44908981796359,-170.395712338882
1.4494898979796,-160.29859556185
1.4498899779956,-149.871710431479
1.4502900580116,-139.137444979696
1.45069013802761,-128.11939498288
1.45109021804361,-116.842305832314
1.45149029805961,-105.332009493616
1.45189037807562,-93.6153567175404
1.45229045809162,-81.7201446845716
1.45269053810762,-69.6750402855056
1.45309061812362,-57.5094992599419
1.45349069813963,-45.2536814325885
1.45389077815563,-32.9383623057296
1.45429085817163,-20.5948412829242
1.45469093818764,-8.25484681516946
1.45509101820364,4.04956122383214
1.45549109821964,16.286091612794
1.45589117823565,28.4223239745404
1.45629125825165,40.4258127386875
1.45669133826765,52.2641925191413
1.45709141828366,63.905284540485
1.45749149829966,75.3172037396891
1.45789157831566,86.4684661624156
1.45829165833167,97.3280962681221
1.45869173834767,107.865733754113
1.45909181836367,118.051739506254
1.45949189837968,127.857300283115
1.45989197839568,137.254531740692
1.46029205841168,146.216579407023
1.46069213842769,154.717717219423
1.46109221844369,162.733443242048
1.46149229845969,170.240572188106
1.4618923784757,177.217324379011
1.4622924584917,183.643410782139
1.4626925385077,189.500113779909
1.4630926185237,194.770363335078
1.46349269853971,199.438808230957
1.46389277855571,203.491882080198
1.46429285857171,206.917863812096
1.46469293858772,209.70693236599
1.46509301860372,211.851215336986
1.46549309861972,213.344831340021
1.46589317863573,214.183925879329
1.46629325865173,214.366700531988
1.46669333866773,213.893435277208
1.46709341868374,212.766503826414
1.46749349869974,210.990381833633
1.46789357871574,208.571647890479
1.46829365873175,205.51897723579
1.46869373874775,201.84312813565
1.46909381876375,197.556920916221
1.46949389877976,192.675209658168
1.46989397879576,187.214846588394
1.47029405881176,181.194639231807
1.47069413882777,174.635300412408
1.47109421884377,167.55939122006
1.47149429885977,159.991257085707
1.47189437887578,151.956957133799
1.47229445889178,143.484187006934
1.47269453890778,134.602195382408
1.47309461892378,125.341694425426
1.47349469893979,115.734764447543
1.47389477895579,105.814753061662
1.47429485897179,95.6161691477523
1.4746949389878,85.1745719639621
1.4750950190038,74.5264557583898
1.4754950990198,63.7091302556762
1.47589517903581,52.760597409915
1.47629525905181,41.7194248324422
1.47669533906781,30.6246163175029
1.47709541908382,19.5154799027094
1.47749549909982,8.43149391322021
1.47789557911582,-2.58782855100303
1.47829565913183,-13.5030762164289
1.47869573914783,-24.2750768501422
1.47909581916383,-34.8650346057142
1.47949589917984,-45.2346670157466
1.47989597919584,-55.3463411439213
1.48029605921184,-65.1632084089156
1.48069613922785,-74.6493375942043
1.48109621924385,-83.7698455606507
1.48149629925985,-92.4910251839611
1.48189637927586,-100.780470045781
1.48229645929186,-108.607195415553
1.48269653930786,-115.941755070684
1.48309661932386,-122.756353514221
1.48349669933987,-129.024953163095
1.48389677935587,-134.723376095016
1.48429685937187,-139.829399958861
1.48469693938788,-144.322847671995
1.48509701940388,-148.185670547348
1.48549709941988,-151.402024514636
1.48589717943589,-153.958339122425
1.48629725945189,-155.843379031587
1.48669733946789,-157.048297735714
1.4870974194839,-157.566683270005
1.4874974994999,-157.394595697389
1.4878975795159,-156.530596188402
1.48829765953191,-154.975767540341
1.48869773954791,-152.733726010597
1.48909781956391,-149.810624369191
1.48949789957992,-146.215146106297
1.48989797959592,-141.95849076128
1.49029805961192,-137.054350371364
1.49069813962793,-131.518877069374
1.49109821964393,-125.370641891379
1.49149829965993,-118.630584886941
1.49189837967594,-111.321956655432
1.49229845969194,-103.470251463344
1.49269853970794,-95.1031321279569
1.49309861972394,-86.2503468826686
1.49349869973995,-76.9436384691087
1.49389877975595,-67.2166457296162
1.49429885977195,-57.1047980016364
1.49469893978796,-46.6452026427187
1.49509901980396,-35.8765260403692
1.49549909981996,-24.8388684861788
1.49589917983597,-13.5736333168599
1.49629925985197,-2.12339074718527
1.49669933986797,9.46826315938201
1.49709941988398,21.1568519173915
1.49749949989998,32.8971679606084
1.49789957991598,44.6434253989019
1.49829965993199,56.3494156775857
1.49869973994799,67.9686656132966
1.49909981996399,79.4545972698957
1.49949989998,90.7606891286094
1.499899979996,101.840638000014
1.500300060012,112.648521119899
1.50070014002801,123.138957868275
1.50110022004401,133.267270549442
1.50150030006001,142.989643671824
1.50190038007602,152.263281169277
1.50230046009202,161.046561010042
1.50270054010802,169.299186646688
1.50310062012402,176.982334768885
1.50350070014003,184.058798831452
1.50390078015603,190.493127843066
1.50430086017203,196.251759915014
1.50470094018804,201.303150085993
1.50510102020404,205.617891956856
1.50550110022004,209.168832688904
1.50590118023605,211.931180940869
1.50630126025205,213.882607342541
1.50670134026805,215.003337127548
1.50710142028406,215.27623457367
1.50750150030006,214.686878926216
1.50790158031606,213.223631508468
1.50830166033207,210.877693752762
1.50870174034807,207.643155916311
1.50910182036407,203.517036277525
1.50950190038008,198.499310640725
1.50990198039608,192.592932010395
1.51030206041208,185.803840329592
1.51070214042809,178.140962211235
1.51110222044409,169.616200625537
1.51150230046009,160.244414541422
1.5119023804761,150.043388554456
1.5123024604921,139.033792568778
1.5127025405081,127.23913163495
1.5131026205241,114.685686079933
1.51350270054011,101.402442099561
1.51390278055611,87.4210130170928
1.51430286057211,72.7755514442232
1.51470294058812,57.5026526132206
1.51510302060412,41.6412491796347
1.51550310062012,25.2324978256348
1.51590318063613,8.31965802283727
1.51630326065213,-9.05203665855004
1.51670334066813,-26.835514280575
1.51710342068414,-44.9820068699197
1.51750350070014,-63.4411988891219
1.51790358071614,-82.1613813621385
1.51830366073215,-101.089611149128
1.51870374074815,-120.171874846377
1.51910382076415,-139.353256770747
1.51950390078016,-158.578110472244
1.51990398079616,-177.790233205772
1.52030406081216,-196.933042781517
1.52070414082817,-215.949756204136
1.52110422084417,-234.783569504114
1.52150430086017,-253.377838159082
1.52190438087618,-271.676257500223
1.52230446089218,-289.623042497991
1.52270454090818,-307.163106322173
1.52310462092418,-324.242237075377
1.52350470094019,-340.807272103714
1.52390478095619,-356.806269296416
1.52430486097219,-372.188674795782
1.5247049409882,-386.905486549953
1.5251050210042,-400.909413155294
1.5255051010202,-414.155027450209
1.52590518103621,-426.598914339798
1.52630526105221,-438.199812350296
1.52670534106821,-448.918748432835
1.52710542108422,-458.719165559171
1.52750550110022,-467.567042676221
1.52790558111622,-475.431006612041
1.52830566113223,-482.282435553438
1.52870574114823,-488.09555374377
1.52910582116423,-492.847517079545
1.52950590118024,-496.518489315449
1.52990598119624,-499.091708619396
1.53030606121224,-500.553544252202
1.53070614122825,-500.893543180251
1.53110622124425,-500.104466463855
1.53150630126025,-498.182315299121
1.53190638127626,-495.126346626432
1.53230646129226,-490.939078254348
1.53270654130826,-485.626283483722
1.53310662132426,-479.196975252669
1.53350670134027,-471.663379858861
1.53390678135627,-463.040900351358
1.53430686137227,-453.348069719368
1.53470694138828,-442.606494040337
1.53510702140428,-430.840785783905
1.53550710142028,-418.078487501848
1.53590718143629,-404.349986167036
1.53630726145229,-389.688418455928
1.53670734146829,-374.129567300196
1.5371074214843,-357.711750062556
1.5375075015003,-340.47569871997
1.5379075815163,-322.464432464862
1.53830766153231,-303.72312315988
1.53870774154831,-284.29895410625
1.53910782156431,-264.240972607726
1.53950790158032,-243.599936832688
1.53990798159632,-222.428157496299
1.54030806161232,-200.779334900741
1.54070814162833,-178.708391887457
1.54110822164433,-156.271303267916
1.54150830166033,-133.524922310444
1.54190838167634,-110.526804870297
1.54230846169234,-87.3350317562646
1.54270854170834,-64.008029932778
1.54310862172434,-40.6043931587827
1.54350870174035,-17.1827026651853
1.54390878175635,6.19865152815436
1.54430886177235,29.4816480593866
1.54470894178836,52.6088098440842
1.54510902180436,75.5233772835485
1.54550910182036,98.1694784885825
1.54590918183637,120.492295956541
1.54630926185237,142.438229153728
1.54670934186837,163.955052470573
1.54710942188438,184.992068034635
1.54750950190038,205.500252885968
1.54790958191638,225.432400039919
1.54830966193239,244.743252985656
1.54870974194839,263.389633192415
1.54910982196439,281.330560221376
1.5495099019804,298.527364068085
1.5499099819964,314.943789388356
1.5503100620124,330.546091290415
1.55071014202841,345.303122406098
1.55111022204441,359.186410985686
1.55151030206041,372.170229793025
1.55191038207642,384.231655610439
1.55231046209242,395.35061919685
1.55271054210842,405.509945575908
1.55311062212442,414.695384565917
1.55351070214043,422.895631497424
1.55391078215643,430.102338099129
1.55431086217243,436.31011356749
1.55471094218844,441.516515869547
1.55511102220444,445.72203336294
1.55551110222044,448.93005685068
1.55591118223645,451.146842221331
1.55631126225245,452.38146385816
1.55671134226845,452.645759032134
1.55711142228446,451.954263525009
1.55751150230046,450.324138758329
1.55791158231646,447.775090733106
1.55831166233247,444.32928111262
1.55871174234847,440.01123080696
1.55911182236447,434.847716442989
1.55951190238048,428.867660126753
1.55991198239648,422.102012927306
1.56031206241248,414.583632531229
1.56071214242849,406.347155535478
1.56111222244449,397.428864863257
1.56151230246049,387.866552802304
1.5619123824765,377.699380178235
1.5623124624925,366.967732186711
1.5627125425085,355.713071417285
1.5631126225245,343.977788609353
1.56351270254051,331.80505168534
1.56391278255651,319.23865361002
1.56431286257251,306.32285962573
1.56471294258852,293.102254412393
1.56511302260452,279.62158971874
1.56551310262052,265.925633005888
1.56591318263653,252.05901763799
1.56631326265253,238.066095145762
1.56671334266853,223.990790077958
1.56711342268454,209.876457943748
1.56751350270054,195.765746734199
1.56791358271654,181.700462495393
1.56831366273255,167.721439407829
1.56871374274855,153.868414807475
1.56911382276455,140.179909563006
1.56951390278056,126.693114201447
1.56991398279656,113.443781150839
1.57031406281256,100.466123443558
1.57071414282857,87.7927201978488
1.57111422284457,75.4544291680975
1.57151430286057,63.4803066259304
1.57191438287658,51.8975348057666
1.57231446289258,40.7313571181823
1.57271454290858,30.0050213044838
1.57311462292458,19.7397306749346
1.57351470294059,9.95460354164509
1.57391478295659,0.666640926014724
1.57431486297259,-8.10929741152628
1.5747149429886,-16.3605086031815
1.5751150230046,-24.0764539821294
1.5755151030206,-31.2487581146034
1.57591518303661,-37.8711996333613
1.57631526305261,-43.9396939813807
1.57671534306861,-49.4522682044451
1.57711542308462,-54.4090279606705
1.57751550310062,-58.8121169440564
1.57791558311662,-62.6656689465538
1.57831566313263,-65.9757528101371
1.57871574314863,-68.7503105462047
1.57911582316463,-70.9990889239235
1.57951590318064,-72.7335648526323
1.57991598319664,-73.9668649053218
1.58031606321264,-74.7136793505873
1.58071614322865,-74.990171079605
1.58111622324465,-74.8138798320412
1.58151630326065,-74.2036221405601
1.58191638327666,-73.1793874277692
1.58231646329266,-71.76223070176
1.58271654330866,-69.9741623069485
1.58311662332466,-67.8380351958405
1.58351670334067,-65.3774301940054
1.58391678335667,-62.6165397358875
1.58431686337267,-59.5800505520367
1.58471694338868,-56.2930257897604
1.58511702340468,-52.780787048577
1.58551710342068,-49.0687968093257
1.58591718343669,-45.1825417315705
1.58631726345269,-41.1474172876668
1.58671734346869,-36.9886141938935
1.5871174234847,-32.7310070894153
1.5875175035007,-28.399045902158
1.5879175835167,-24.0166503276954
1.58831766353271,-19.6071078323771
1.58871774354871,-15.192975575557
1.58911782356471,-10.7959866280014
1.58951790358072,-6.43696084420884
1.58991798359672,-2.13572072581914
1.59031806361272,2.08898740857765
1.59071814362873,6.21956665505957
1.59111822364473,10.2396368891811
1.59151830366073,14.1340960210206
1.59191838367674,17.8891749234277
1.59231846369274,21.4924858430146
1.59271854370874,24.9330641312449
1.59311862372474,28.2014031604875
1.59351870374075,31.2894823186703
1.59391878375675,34.1907880048658
1.59431886377275,36.9003275769086
1.59471894378876,39.4146362315951
1.59511902380476,41.7317768268015
1.59551910382076,43.8513326839139
1.59591918383677,45.7743934378349
1.59631926385277,47.5035340298837
1.59671934386877,49.0427869672069
1.59711942388478,50.3976079994036
1.59751950390078,51.5748353897536
1.59791958391678,52.5826429845294
1.59831966393279,53.4304873086808
1.59871974394879,54.129048940235
1.59911982396479,54.6901684389096
1.5995199039808,55.1267771259309
1.5999199839968,55.4528230329082
1.6003200640128,55.6831923566274
1.60072014402881,55.8336267745458
1.60112022404481,55.9206369921701
1.60152030406081,55.961412908256
1.60192038407682,55.9737307969987
1.60232046409282,55.9758579181774
1.60272054410882,55.9864549758212
1.60312062412483,56.0244768544924
1.60352070414083,56.1090720685647
1.60392078415683,56.2594813644878
1.60432086417283,56.4949359191675
1.60472094418884,56.8345555784784
1.60512102420484,57.2972475791638
1.60552110422084,57.9016061951553
1.60592118423685,58.6658137446879
1.60632126425285,59.6075433888112
1.60672134426885,60.7438641438988
1.60712142428486,62.0911485212932
1.60752150430086,63.6649831960846
1.60792158431686,65.4800830941266
1.60832166433287,67.5502092719671
1.60872174434887,69.8880909486202
1.60912182436487,72.5053520305103
1.60952190438088,75.4124424523608
1.60992198439688,78.618574636663
1.61032206441288,82.1316653530353
1.61072214442889,85.9582832364341
1.61112222444489,90.1036021996781
1.61152230446089,94.5713609512144
1.6119223844769,99.3638288039228
1.6123224644929,104.481777934504
1.6127225445089,109.924462226401
1.61312262452491,115.68960280191
1.61352270454091,121.773380321326
1.61392278455691,128.170434099109
1.61432286457291,134.873868058547
1.61472294458892,141.875263518212
1.61512302460492,149.164698775085
1.61552310462092,156.730775420874
1.61592318463693,164.560651300155
1.61632326465293,172.640079991227
1.61672334466893,180.953456663352
1.61712342468494,189.483870137384
1.61752350470094,198.21316095075
1.61792358471694,207.121985202716
1.61832366473295,216.189883931178
1.61872374474895,225.39535774918
1.61912382476495,234.715946446905
1.61952390478096,244.128313243574
1.61992398479696,253.608333354182
1.62032406481296,263.131186516879
1.62072414482897,272.67145311005
1.62112422484497,282.203213472178
1.62152430486097,291.700150023398
1.62192438487698,301.135651775159
1.62232446489298,310.482920803245
1.62272454490898,319.715080250221
1.62312462492499,328.805283415981
1.62352470494099,337.726823488901
1.62392478495699,346.453243466369
1.62432486497299,354.958445811295
1.624724944989,363.21680139042
1.625125025005,371.203257242283
1.625525105021,378.893442725276
1.62592518503701,386.263773601766
1.62632526505301,393.291553620953
1.62672534506901,399.955073171527
1.62712542508502,406.233704585865
1.62752550510102,412.107993689398
1.62792558511702,417.559747202299
1.62832566513303,422.572115616323
1.62872574514903,427.129671186092
1.62912582516503,431.218480692682
1.62952590518104,434.826172657049
1.62992598519704,437.941998701843
1.63032606521304,440.556888782603
1.63072614522905,442.663500032781
1.63112622524505,444.256258991636
1.63152630526105,445.331397009658
1.63192638527706,445.886978652618
1.63232646529306,445.922922952657
1.63272654530906,445.441017382758
1.63312662532506,444.444924459451
1.63352670534107,442.940180907622
1.63392678535707,440.934189350696
1.63432686537307,438.436202518897
1.63472694538908,435.457299998227
1.63512702540508,432.010357572309
1.63552710542108,428.110009238987
1.63592718543709,423.772602012978
1.63632726545309,419.016143654776
1.63672734546909,413.860243494798
1.6371274254851,408.326046549654
1.6375275055011,402.436161154852
1.6379275855171,396.21458036481
1.63832766553311,389.686597396637
1.63872774554911,382.878715419046
1.63912782556511,375.818552011105
1.63952790558112,368.534738638077
1.63992798559712,361.05681551282
1.64032806561312,353.415122230688
1.64072814562913,345.640684584655
1.64112822564513,337.765097983624
1.64152830566113,329.820407912725
1.64192838567714,321.838987887449
1.64232846569314,313.853415365578
1.64272854570914,305.896346091094
1.64312862572514,298.000387352144
1.64352870574115,290.197970642037
1.64392878575715,282.521224216606
1.64432886577315,275.001846043871
1.64472894578916,267.670977643048
1.64512902580516,260.559079308422
1.64552910582116,253.695807210816
1.64592918583717,247.109892864364
1.64632926585317,240.829025439216
1.64672934586917,234.879737392411
1.64712942588518,229.287293878185
1.64752950590118,224.075586386737
1.64792958591718,219.267031046321
1.64832966593319,214.882472007379
1.64872974594919,210.941090310062
1.64912982596519,207.460318617106
1.6495299059812,204.455762173399
1.6499299859972,201.941126331191
1.6503300660132,199.928150956492
1.65073014602921,198.426552007109
1.65113022604521,197.443970546754
1.65153030606121,196.985929432494
1.65193038607722,197.055797884225
1.65233046609322,197.654764116263
1.65273054610922,198.781816180663
1.65313062612522,200.433731141417
1.65353070614123,202.605072667664
1.65393078615723,205.288197102012
1.65433086617323,208.473268028254
1.65473094618924,212.148279330584
1.65513102620524,216.299086703828
1.65553110622124,220.909447542218
1.65593118623725,225.961069101782
1.65633126625325,231.43366479968
1.65673134626925,237.305018482351
1.65713142628526,243.551056463166
1.65753150630126,250.145927100102
1.65793158631726,257.06208765424
1.65833166633327,264.270398141144
1.65873174634927,271.740221859406
1.65913182636527,279.439532253975
1.65953190638128,287.335025746282
1.65993198639728,295.392240139007
1.66033206641328,303.575678180493
1.66073214642929,311.848935852352
1.66113222644529,320.174834924029
1.66153230646129,328.515559299935
1.6619323864773,336.832794668142
1.6623324664933,345.087870945115
1.6627325465093,353.241906997841
1.66313262652531,361.255957113929
1.66353270654131,369.091158681221
1.66393278655731,376.708880531086
1.66433286657331,384.070871394956
1.66473294658932,391.139407920272
1.66513302660532,397.877441691197
1.66553310662132,404.248744700592
1.66593318663733,410.218052722762
1.66633326665333,415.751206041885
1.66673334666933,420.815286998081
1.66713342668534,425.378753822684
1.66753350670134,429.411570245255
1.66793358671734,432.885330368354
1.66833366673335,435.773378321204
1.66873374674935,438.05092222041
1.66913382676535,439.695141984844
1.66953390678136,440.685290572309
1.66993398679736,441.002788227959
1.67033406681336,440.631309358441
1.67073414682937,439.556861670829
1.67113422684537,437.767857242719
1.67153430686137,435.25517521758
1.67193438687738,432.012215849109
1.67233446689338,428.034945648928
1.67273454690938,423.321933423244
1.67313462692539,417.874377016808
1.67353470694139,411.696120615692
1.67393478695739,404.793662494196
1.67433486697339,397.176153125871
1.6747349469894,388.855383613308
1.6751350270054,379.845764426688
1.6755351070214,370.164294476351
1.67593518703741,359.830520580023
1.67633526705341,348.866487420674
1.67673534706941,337.296678125927
1.67713542708542,325.147945634816
1.67753550710142,312.449435051776
1.67793558711742,299.232497221376
1.67833566713343,285.530593790352
1.67873574714943,271.379194055275
1.67913582716543,256.815663925534
1.67953590718144,241.879147360937
1.67993598719744,226.610440672453
1.68033606721344,211.05186010159
1.68073614722945,195.247103120272
1.68113622724545,179.241103917579
1.68153630726145,163.079883562329
1.68193638727746,146.810395352264
1.68233646729346,130.480365879428
1.68273654730946,114.138132359377
1.68313662732547,97.8324767874044
1.68353670734147,81.6124574984546
1.68393678735747,65.5272387194703
1.68433686737347,49.6259187121302
1.68473694738948,33.9573571114205
1.68513702740548,18.5700020710499
1.68553710742148,3.51171782948538
1.68593718743749,-11.1703866885762
1.68633726745349,-25.4301276215633
1.68673734746949,-39.2224136615986
1.6871374274855,-52.503410681452
1.6875375075015,-65.2307029019749
1.6879375875175,-77.3634500133244
1.68833766753351,-88.8625396758534
1.68873774754951,-99.6907348410409
1.68913782756551,-109.812815348502
1.68953790758152,-119.195713274255
1.68993798759752,-127.808641524941
1.69033806761352,-135.623215195309
1.69073814762953,-142.613565229977
1.69113822764553,-148.756443955992
1.69153830766153,-154.031322080193
1.69193838767754,-158.420476773895
1.69233846769354,-161.909070497603
1.69273854770954,-164.485220250138
1.69313862772555,-166.140056958976
1.69353870774155,-166.867774762586
1.69393878775755,-166.665669970237
1.69433886777355,-165.534169520275
1.69473894778956,-163.476848794397
1.69513902780556,-160.50043868218
1.69553910782156,-156.614821827601
1.69593918783757,-151.833018027072
1.69633926785357,-146.171158786321
1.69673934786957,-139.648451081557
1.69713942788558,-132.287130408217
1.69753950790158,-124.112403238322
1.69793958791758,-115.152379044887
1.69833966793359,-105.437992088675
1.69873974794959,-95.0029131988916
1.69913982796559,-83.8834518150837
1.6995399079816,-72.1184485920355
1.6999399879976,-59.7491589032609
1.7003400680136,-46.8191276113656
1.70074014802961,-33.3740555046672
1.70114022804561,-19.4616578298597
1.70154030806161,-5.13151537881214
1.70194038807762,9.56508138540706
1.70234046809362,24.5752946523749
1.70274054810962,39.8449075042288
1.70314062812563,55.3184975151785
1.70354070814163,70.9396151349728
1.70394078815763,86.6509662623959
1.70434086817363,102.394598398853
1.70474094818964,118.11208975886
1.70514102820564,133.744740702045
1.70554110822164,149.233766842153
1.70594118823765,164.520493181503
1.70634126825365,179.546548613985
1.70674134826965,194.254060137574
1.70714142828566,208.585846116531
1.70754150830166,222.485607935688
1.70794158831766,235.898119393498
1.70834166833367,248.76941318677
1.70874174834967,261.046963849111
1.70914182836567,272.679866515945
1.70954190838168,283.619010902152
1.70994198839768,293.817249893929
1.71034206841368,303.229562173613
1.71074214842969,311.813208316012
1.71114222844569,319.527879816018
1.71154230846169,326.335840530641
1.7119423884777,332.202060043986
1.7123424684937,337.094338490186
1.7127425485097,340.983422398205
1.71314262852571,343.843111152247
1.71354270854171,345.650353693022
1.71394278855771,346.385335117952
1.71434286857371,346.031552872404
1.71474294858972,344.575882259039
1.71514302860572,342.008631028494
1.71554310862172,338.323582851492
1.71594318863773,333.51802950996
1.71634326865373,327.592791683047
1.71674334866973,320.552228242461
1.71714342868574,312.404234010386
1.71754350870174,303.160225972575
1.71794358871774,292.835117977952
1.71834366873375,281.447283995516
1.71874374874975,269.018510037766
1.71914382876575,255.573934898426
1.71954390878176,241.141979890272
1.71994398879776,225.754267805777
1.72034406881376,209.445531360271
1.72074414882977,192.253511412515
1.72114422884577,174.218845292251
1.72154430886177,155.384945598036
1.72194438887778,135.797869860365
1.72234446889378,115.506181496365
1.72274454890978,94.5608025114481
1.72314462892579,73.0148584310211
1.72354470894179,50.9235159718406
1.72394478895779,28.3438139864148
1.72434486897379,5.33448823678249
1.7247449489898,-18.0442094254576
1.7251450290058,-41.7306968778366
1.7255451090218,-65.6622519320716
1.72594518903781,-89.7752062995287
1.72634526905381,-114.005142678169
1.72674534906981,-138.287094312359
1.72714542908582,-162.555746369101
1.72754550910182,-186.745638468174
1.72794558911782,-210.791367701033
1.72834566913383,-234.627791471587
1.72874574914983,-258.190229493657
1.72914582916583,-281.414664283311
1.72954590918184,-304.237939489766
1.72994598919784,-326.597955416993
1.73034606921384,-348.433861097932
1.73074614922985,-369.686242295743
1.73114622924585,-390.297304821224
1.73154630926185,-410.211052571483
1.73194638927786,-429.373459714181
1.73234646929386,-447.732636461614
1.73274654930986,-465.238987901431
1.73314662932587,-481.845365375058
1.73354670934187,-497.507209920339
1.73394678935787,-512.18268732272
1.73434686937387,-525.832814347876
1.73474694938988,-538.421575759213
1.73514702940588,-549.916031755254
1.73554710942188,-560.28641549449
1.73594718943789,-569.506220409487
1.73634726945389,-577.552277046432
1.73674734946989,-584.404819202205
1.7371474294859,-590.047539167253
1.7375475095019,-594.467631919278
1.7379475895179,-597.655828150351
1.73834766953391,-599.606416047369
1.73874774954991,-600.317251783733
1.73914782956591,-599.789758717903
1.73954790958192,-598.028915332241
1.73994798959792,-595.043231983009
1.74034806961392,-590.844716569675
1.74074814962993,-585.448829268296
1.74114822964593,-578.874426509813
1.74154830966193,-571.143694419613
1.74194838967794,-562.282071969005
1.74234846969394,-552.318164123051
1.74274854970994,-541.283645301521
1.74314862972595,-529.213153501028
1.74354870974195,-516.144175456533
1.74394878975795,-502.116923248943
1.74434886977395,-487.174202792489
1.74474894978996,-471.361274661437
1.74514902980596,-454.725707739341
1.74554910982196,-437.317226196142
1.74594918983797,-419.187550319098
1.74634926985397,-400.390231741444
1.74674934986997,-380.980483629818
1.74714942988598,-361.015006405545
1.74754950990198,-340.551809587692
1.74794958991798,-319.650030356215
1.74834966993399,-298.369749441677
1.74874974994999,-276.771804954775
1.74914982996599,-254.91760477235
1.749549909982,-232.868938099319
1.749949989998,-210.687786825245
1.750350070014,-188.436137292293
1.75075015003001,-166.175793087075
1.75115023004601,-143.968189462016
1.75155031006201,-121.874209984063
1.75195039007802,-99.9540059974571
1.75235047009402,-78.2668194750891
1.75275055011002,-56.8708098187745
1.75315063012603,-35.8228851520719
1.75355071014203,-15.1785386318778
1.75395079015803,5.0083097152184
1.75435087017403,24.6854651471112
1.75475095019004,43.8026038886691
1.75515103020604,62.3114119055778
1.75555111022204,80.1657163573646
1.75595119023805,97.3216093453719
1.75635127025405,113.737563599293
1.75675135027005,129.374539775004
1.75715143028606,144.196085067378
1.75755151030206,158.168422872256
1.75795159031806,171.260533263983
1.75835167033407,183.444224087579
1.75875175035007,194.694192497192
1.75915183036607,204.98807680652
1.75955191038208,214.306498550051
1.75995199039808,222.63309468813
1.76035207041408,229.954539922813
1.76075215043009,236.260559124923
1.76115223044609,241.543929906758
1.76155231046209,245.800475407849
1.7619523904781,249.029047394132
1.7623524704941,251.231499803216
1.7627525505101,252.412652899964
1.76315263052611,252.580248237435
1.76355271054211,251.74489464836
1.76395279055811,249.920005521129
1.76435287057411,247.121727642265
1.76475295059012,243.368861914141
1.76515303060612,238.682776282119
1.76555311062212,233.087311229496
1.76595319063813,226.608678221329
1.76635327065413,219.275351499495
1.76675335067013,211.117953651062
1.76715343068614,202.169135390029
1.76755351070214,192.463450008942
1.76795359071814,182.037222971693
1.76835367073415,170.928417131461
1.76875375075015,159.176494069202
1.76915383076615,146.822272057202
1.76955391078216,133.907781159609
1.76995399079816,120.476115987828
1.77035407081416,106.571286631787
1.77075415083017,92.2380682906033
1.77115423084617,77.5218501257026
1.77155431086217,62.468483857755
1.77195439087818,47.1241326252323
1.77235447089418,31.5351206165771
1.77275455091018,15.7477839811163
1.77315463092619,-0.191676485464882
1.77355471094219,-16.2373403959425
1.77395479095819,-32.3437100935349
1.77435487097419,-48.4658497824229
1.7747549509902,-64.5595210229356
1.7751550310062,-80.581314165038
1.7755551110222,-96.4887753117921
1.77595519103821,-112.240528423848
1.77635527105421,-127.796392197466
1.77675535107021,-143.117491369824
1.77715543108622,-158.166362128916
1.77755551110222,-172.907051329288
1.77795559111822,-187.30520923936
1.77835567113423,-201.328175572332
1.77875575115023,-214.945058578508
1.77915583116623,-228.126807003874
1.77955591118224,-240.846274747511
1.77995599119824,-253.078278077588
1.78035607121424,-264.79964529412
1.78075615123025,-275.989258754785
1.78115623124625,-286.628089207986
1.78155631126225,-296.699222406161
1.78195639127826,-306.187877999649
1.78235647129426,-315.08142073974
1.78275655131026,-323.369364046689
1.78315663132627,-331.043366025542
1.78355671134227,-338.097218038978
1.78395679135827,-344.526825972174
1.78435687137427,-350.330184349876
1.78475695139028,-355.507343489791
1.78515703140628,-360.060369900112
1.78555711142228,-363.993300151018
1.78595719143829,-367.312088471548
1.78635727145429,-370.024548343173
1.78675735147029,-372.14028838058
1.7871574314863,-373.670642807786
1.7875575115023,-374.628596854119
1.7879575915183,-375.028707409725
1.78835767153431,-374.887019293836
1.78875775155031,-374.220977501294
1.78915783156631,-373.049335803497
1.78955791158232,-371.392062089281
1.78995799159832,-369.270240838716
1.79035807161432,-366.705973129279
1.79075815163033,-363.722274578059
1.79115823164633,-360.342971627074
1.79155831166233,-356.59259658001
1.79195839167834,-352.496281798653
1.79235847169434,-348.07965346585
1.79275855171034,-343.368725318441
1.79315863172635,-338.389792749233
1.79355871174235,-333.169327670826
1.79395879175835,-327.733874526729
1.79435887177435,-322.109947826279
1.79475895179036,-316.323931569473
1.79515903180636,-310.401980916622
1.79555911182236,-304.36992644466
1.79595919183837,-298.253181318221
1.79635927185437,-292.076651688446
1.79675935187037,-285.864650616365
1.79715943188638,-279.640815800743
1.79755951190238,-273.428031372221
1.79795959191838,-267.248353996744
1.79835967193439,-261.122943511962
1.79875975195039,-255.071998299704
1.79915983196639,-249.114695577245
1.7995599119824,-243.269136768556
1.7999599919984,-237.552298095157
1.8003600720144,-231.97998650411
1.80076015203041,-226.566801028618
1.80116023204641,-221.326099654056
1.80156031206241,-216.269971740189
1.80196039207842,-211.409216027551
1.80236047209442,-206.75332423403
1.80276055211042,-202.310470225408
1.80316063212643,-198.087504721853
1.80356071214243,-194.089955481159
1.80396079215843,-190.32203287823
1.80436087217443,-186.786640780304
1.80476095219044,-183.485392597136
1.80516103220644,-180.418632366753
1.80556111222244,-177.585460718488
1.80596119223845,-174.983765537911
1.80636127225445,-172.610257141255
1.80676135227045,-170.46050775133
1.80716143228646,-168.528995052245
1.80756151230246,-166.809149586301
1.80796159231846,-165.293405744165
1.80836167233447,-163.973256087502
1.80876175235047,-162.839308733278
1.80916183236647,-161.881347519683
1.80956191238248,-161.088394665627
1.80996199239848,-160.448775629169
1.81036207241448,-159.950185864959
1.81076215243049,-159.579759176293
1.81116223244649,-159.324137354962
1.81156231246249,-159.169540800044
1.8119623924785,-159.101839806827
1.8123624724945,-159.106626217858
1.8127625525105,-159.169285130223
1.81316263252651,-159.275066356781
1.81356271254251,-159.409155343595
1.81396279255851,-159.556743251582
1.81436287257451,-159.703095917499
1.81476295259052,-159.833621417259
1.81516303260652,-159.933935963859
1.81556311262252,-159.989927882235
1.81596319263853,-159.987819414537
1.81636327265453,-159.91422612123
1.81676335267053,-159.756213656523
1.81716343268654,-159.501351710043
1.81756351270254,-159.137764921265
1.81796359271854,-158.654180588286
1.81836367273455,-158.039973008124
1.81876375275055,-157.285204301992
1.81916383276655,-156.380661595807
1.81956391278256,-155.317890443011
1.81996399279856,-154.089224394399
1.82036407281456,-152.687810637221
1.82076415283057,-151.107631643497
1.82116423284657,-149.343522785657
1.82156431286257,-147.39118589519
1.82196439287858,-145.247198758035
1.82236447289458,-142.909020558204
1.82276455291058,-140.374993298442
1.82316463292659,-137.644339244105
1.82356471294259,-134.717154453356
1.82396479295859,-131.594398473002
1.82436487297459,-128.277880295668
1.8247649529906,-124.770240689001
1.8251650330066,-121.074931022817
1.8255651130226,-117.196188733966
1.82596519303861,-113.139009582319
1.82636527305461,-108.909116863873
1.82676535307061,-104.51292775879
1.82716543308662,-99.9575170032051
1.82756551310262,-95.2505780837282
1.82796559311862,-90.400382162611
1.82836567313463,-85.4157349496774
1.82876575315063,-80.3059317444585
1.82916583316663,-75.0807108778171
1.82956591318264,-69.7502057874884
1.82996599319864,-64.3248959661127
1.83036607321464,-58.8155570229679
1.83076615323065,-53.2332101026639
1.83116623324665,-47.5890709047438
1.83156631326265,-41.8944985477007
1.83196639327866,-36.1609445196466
1.83236647329466,-30.3999019553293
1.83276655331066,-24.6228554756474
1.83316663332667,-18.8412318213125
1.83356671334267,-13.066351506715
1.83396679335867,-7.3093817135571
1.83436687337467,-1.58129063641357
1.83476695339068,4.10719651618884
1.83516703340668,9.74563967057011
1.83556711342268,15.3239240020463
1.83596719343869,20.8322978410397
1.83636727345469,26.2614082086849
1.83676735347069,31.6023338323558
1.8371674334867,36.846615503841
1.8375675135027,41.9862836564505
1.8379675935187,47.0138830513287
1.83836767353471,51.9224944772838
1.83876775355071,56.7057533832777
1.83916783356671,61.3578653777165
1.83956791358272,65.8736185437061
1.83996799359872,70.248392534991
1.84036807361472,74.4781644326948
1.84076815363073,78.5595113584107
1.84116823364673,82.4896098548711
1.84156831366273,86.2662320605177
1.84196839367874,89.8877387197653
1.84236847369474,93.3530690855028
1.84276855371074,96.661727785233
1.84316863372675,99.8137687364164
1.84356871374275,102.809776210444
1.84396879375875,105.650843158373
1.84436887377476,108.338546923844
1.84476895379076,110.874922481507
1.84516903380676,113.262433350391
1.84556911382276,115.503940342783
1.84596919383877,117.602668319414
1.84636927385477,119.562171130814
1.84676935387077,121.386294933717
1.84716943388678,123.07914007859
1.84756951390278,124.645021771455
1.84796959391878,126.088429718922
1.84836967393479,127.41398697025
1.84876975395079,128.626408174124
1.84916983396679,129.730457470943
1.8495699139828,130.730906243067
1.8499699939988,131.632490946686
1.8503700740148,132.439871248677
1.85077015403081,133.157588690709
1.85117023404681,133.790026100899
1.85157031406281,134.341367969971
1.85197039407882,134.815562004917
1.85237047409482,135.216282068058
1.85277055411082,135.546892703218
1.85317063412683,135.810415443993
1.85357071414283,136.00949709112
1.85397079415883,136.14638013708
1.85437087417484,136.222875506936
1.85477095419084,136.240337773646
1.85517103420684,136.199642995226
1.85557111422284,136.10116930946
1.85597119423885,135.944780409244
1.85637127425485,135.729812008719
1.85677135427085,135.455061396991
1.85717143428686,135.118780161867
1.85757151430286,134.718670151926
1.85797159431886,134.251882730324
1.85837167433487,133.715021358453
1.85877175435087,133.104147532673
1.85917183436687,132.414790081332
1.85957191438288,131.641957814127
1.85997199439888,130.780155499972
1.86037207441488,129.823403133961
1.86077215443089,128.765258438625
1.86117223444689,127.598842529275
1.86157231446289,126.316868658029
1.8619723944789,124.91167393654
1.8623724744949,123.375253922672
1.8627725545109,121.699299942624
1.86317263452691,119.875239006313
1.86357271454291,117.894276160809
1.86397279455891,115.747439114252
1.86437287457492,113.425624950961
1.86477295459092,110.919648747217
1.86517303460692,108.220293887167
1.86557311462292,105.318363868592
1.86597319463893,102.204735379624
1.86637327465493,98.8704124199693
1.86677335467093,95.3065812329674
1.86717343468694,91.5046658092135
1.86757351470294,87.4563837174796
1.86797359471894,83.1538020145915
1.86837367473495,78.589392983234
1.86877375475095,73.7560894447032
1.86917383476695,68.647339392783
1.86957391478296,63.2571596953006
1.86997399479896,57.580188611155
1.87037407481496,51.6117368729569
1.87077415483097,45.3478370890424
1.87117423484697,38.7852912229139
1.87157431486297,31.9217159138401
1.87197439487898,24.7555854089009
1.87237447489498,17.2862718841227
1.87277455491098,9.51408294119088
1.87317463492699,1.44029607539517
1.87357471494299,-6.93281007901837
1.87397479495899,-15.6019279086805
1.874374874975,-24.5626965567486
1.874774954991,-33.8096813919761
1.875175035007,-43.3363573554814
1.875575115023,-53.1350963148892
1.87597519503901,-63.1971585410074
1.87637527505501,-73.5126884064207
1.87677535507101,-84.0707143895346
1.87717543508702,-94.859153451247
1.87757551510302,-105.864819834386
1.87797559511902,-117.073438319104
1.87837567513503,-128.469661950064
1.87877575515103,-140.037094233229
1.87917583516703,-151.758315783045
1.87957591518304,-163.614915382428
1.87997599519904,-175.587525400519
1.88037607521504,-187.655861495591
1.88077615523105,-199.798766512623
1.88117623524705,-211.994258468276
1.88157631526305,-224.219582498758
1.88197639527906,-236.451266629319
1.88237647529506,-248.665181208455
1.88277655531106,-260.836601833628
1.88317663532707,-272.940275580613
1.88357671534307,-284.950490334049
1.88397679535907,-296.841147002639
1.88437687537507,-308.585834389936
1.88477695539108,-320.157906478799
1.88517703540708,-331.530561876588
1.88557711542308,-342.676925157534
1.88597719543909,-353.570129828879
1.88637727545509,-364.183402639214
1.88677735547109,-374.490148939392
1.8871774354871,-384.464038800098
1.8875775155031,-394.079093584677
1.8879775955191,-403.309772671329
1.88837767553511,-412.131060015625
1.88877775555111,-420.518550242209
1.88917783556711,-428.448533953516
1.88957791558312,-435.89808194378
1.88997799559912,-442.845128007709
1.89037807561512,-449.268550036007
1.89077815563113,-455.148249093544
1.89117823564713,-460.465226180908
1.89157831566313,-465.20165638607
1.89197839567914,-469.340960140046
1.89237847569514,-472.86787129879
1.89277855571114,-475.768501782651
1.89317863572715,-478.030402515449
1.89357871574315,-479.642620416226
1.89397879575915,-480.595751209393
1.89437887577515,-480.881987832059
1.89477895579116,-480.495164231651
1.89517903580716,-479.430794361763
1.89557911582316,-477.686106200116
1.89597919583917,-475.260070628844
1.89637927585517,-472.15342503456
1.89677935587117,-468.368691503465
1.89717943588718,-463.910189504918
1.89757951590318,-458.784042975728
1.89797959591918,-452.998181736713
1.89837967593519,-446.562337192343
1.89877975595119,-439.488032284211
1.89917983596719,-431.7885656891
1.8995799159832,-423.47899027223
1.8999799959992,-414.576085826747
1.9003800760152,-405.098326150251
1.90078015603121,-395.065840529471
1.90118023604721,-384.500369723764
1.90158031606321,-373.425216557798
1.90198039607922,-361.865191253027
1.90238047609522,-349.846551646391
1.90278055611122,-337.396938462939
1.90318063612723,-324.545305827189
1.90358071614323,-311.321847215042
1.90398079615923,-297.757917064688
1.90438087617523,-283.885948281122
1.90478095619124,-269.739365883293
1.90518103620724,-255.352497058047
1.90558111622324,-240.760477897477
1.90598119623925,-225.999157109319
1.90638127625525,-211.104997001324
1.90678135627125,-196.114972050483
1.90718143628726,-181.066465378007
1.90758151630326,-165.997163458496
1.90798159631926,-150.944949399175
1.90838167633527,-135.947795130895
1.90878175635127,-121.043652857091
1.90918183636727,-106.270346110679
1.90958191638328,-91.6654607708945
1.90998199639928,-77.2662363932527
1.91038207641528,-63.109458205552
1.91078215643129,-49.2313501213466
1.91118223644729,-35.6674691197204
1.91158231646329,-22.4526013363134
1.9119823964793,-9.62066020527705
1.9123824764953,2.7954130142746
1.9127825565113,14.763746001403
1.91318263652731,26.2536291086163
1.91358271654331,37.2356057617956
1.91398279655931,47.6815592278627
1.91438287657532,57.5647954652758
1.91478295659132,66.8601217854499
1.91518303660732,75.5439210666537
1.91558311662332,83.5942212770898
1.91598319663933,90.9907600791107
1.91638327665533,97.7150443030825
1.91678335667133,103.750404096502
1.91718343668734,109.082041571691
1.91758351670334,113.697073793889
1.91798359671934,117.584569970422
1.91838367673535,120.73558272117
1.91878375675135,123.143173330278
1.91918383676735,124.802430899298
1.91958391678336,125.710485342385
1.91998399679936,125.86651418475
1.92038407681536,125.271743146446
1.92078415683137,123.929440514159
1.92118423684737,121.844905324666
1.92158431686337,119.025449404103
1.92198439687938,115.48037332771
1.92238447689538,111.22093638511
1.92278455691138,106.26032065575
1.92318463692739,100.613589318991
1.92358471694339,94.2976393422175
1.92398479695939,87.3311487087936
1.9243848769754,79.7345183658223
1.9247849569914,71.5298090887196
1.9251850370074,62.7406734763158
1.9255851170234,53.3922833059347
1.92598519703941,43.5112524927262
1.92638527705541,33.1255559118618
1.92678535707141,22.2644443550302
1.92718543708742,10.9583559049943
1.92758551710342,-0.761175976807522
1.92798559711942,-12.8616173448277
1.92838567713543,-25.3095313319543
1.92878575715143,-38.0706780583964
1.92918583716743,-51.1101165580967
1.92958591718344,-64.3923083886366
1.92998599719944,-77.8812225859371
1.93038607721544,-91.5404416219293
1.93078615723145,-105.333268021437
1.93118623724745,-119.222831293493
1.93158631726345,-133.172194832931
1.93198639727946,-147.144462449454
1.93238647729546,-161.102884184249
1.93278655731146,-175.010961078279
1.93318663732747,-188.832548561083
1.93358671734347,-202.531958135622
1.93398679735947,-216.074057041673
1.93438687737548,-229.424365588754
1.93478695739148,-242.549151859139
1.93518703740748,-255.415523491742
1.93558711742348,-267.991516269164
1.93598719743949,-280.246179242575
1.93638727745549,-292.149656141995
1.93678735747149,-303.673262833954
1.9371874374875,-314.789560602873
1.9375875175035,-325.47242504808
1.9379875975195,-335.697110404729
1.93838767753551,-345.440309113056
1.93878775755151,-354.680206478209
1.93918783756751,-363.396530280031
1.93958791758352,-371.570595210523
1.93998799759952,-379.185342035147
1.94038807761552,-386.225371392364
1.94078815763153,-392.676972165181
1.94118823764753,-398.528144376915
1.94158831766353,-403.768616582651
1.94198839767954,-408.389857746821
1.94238847769554,-412.385083615955
1.94278855771154,-415.749257614814
1.94318863772755,-418.479086312074
1.94358871774355,-420.573009520382
1.94398879775955,-422.031185113171
1.94438887777556,-422.855468658198
1.94478895779156,-423.049387984515
1.94518903780756,-422.618112816283
1.94558911782356,-421.568419622345
1.94598919783957,-419.908651845816
1.94638927785557,-417.648675692366
1.94678935787157,-414.799831669523
1.94718943788758,-411.374882082296
1.94758951790358,-407.387954702473
1.94798959791958,-402.854482840111
1.94838967793559,-397.7911420561
1.94878975795159,-392.215783763942
1.94918983796759,-386.147365977257
1.9495899179836,-379.605881467011
1.9499899979996,-372.61228359864
1.9503900780156,-365.188410124791
1.95079015803161,-357.356905213441
1.95119023804761,-349.141139994571
1.95159031806361,-340.565131910716
1.95199039807962,-331.653463157606
1.95239047809562,-322.431198501663
1.95279055811162,-312.923802759511
1.95319063812763,-303.157058223107
1.95359071814363,-293.156982310994
1.95399079815963,-282.949745721806
1.95439087817564,-272.561591361681
1.95479095819164,-262.0187543108
1.95519103820764,-251.347383087615
1.95559111822364,-240.573462461638
1.95599119823965,-229.72273805679
1.95639127825565,-218.82064297814
1.95679135827165,-207.892226684624
1.95719143828766,-196.962086319166
1.95759151830366,-186.054300696536
1.95799159831966,-175.192367136513
1.95839167833567,-164.399141317611
1.95879175835167,-153.696780313055
1.95919183836767,-143.106688956958
1.95959191838368,-132.649469674648
1.95999199839968,-122.344875896385
1.96039207841568,-112.211769159017
1.96079215843169,-102.268079985146
1.96119223844769,-92.5307726139429
1.96159231846369,-83.0158136427866
1.9619923984797,-73.7381446232726
1.9623924784957,-64.7116586399067
1.9627925585117,-55.9491808845987
1.96319263852771,-47.4624532247337
1.96359271854371,-39.2621227479684
1.96399279855971,-31.3577342518626
1.96439287857572,-23.7577266322958
1.96479295859172,-16.469433110535
1.96519303860772,-9.49908522509074
1.96559311862372,-2.8518205014837
1.96599319863973,3.46830629982091
1.96639327865573,9.45830846889163
1.96679335867173,15.1162492886304
1.96719343868774,20.4412207679806
1.96759351870374,25.4333193103999
1.96799359871974,30.0936184714167
1.96839367873575,34.4241389680897
1.96879375875175,38.427816110713
1.96919383876775,42.1084648349368
1.96959391878376,45.4707425183111
1.96999399879976,48.5201097712257
1.97039407881576,51.2627893967836
1.97079415883177,53.7057237179395
1.97119423884777,55.8565304735313
1.97159431886377,57.7234574865856
1.97199439887978,59.3153363099946
1.97239447889578,60.6415350546712
1.97279455891178,61.7119106051449
1.97319463892779,62.536760426213
1.97359471894379,63.1267741619815
1.97399479895979,63.492985226048
1.9743948789758,63.6467225774976
1.9747949589918,63.599562873172
1.9751950390078,63.3632831813332
1.9755951190238,62.949814435827
1.97599519903981,62.3711958035392
1.97639527905581,61.6395301302144
1.97679535907181,60.7669406222858
1.97719543908782,59.7655289136311
1.97759551910382,58.6473346573203
1.97799559911982,57.424296773036
1.97839567913583,56.1082164707964
1.97879575915183,54.7107221614765
1.97919583916783,53.2432363540523
1.97959591918384,51.7169446283478
1.97999599919984,50.142766761286
1.98039607921584,48.5313300729429
1.98079615923185,46.8929450474657
1.98119623924785,45.2375832723559
1.98159631926385,43.5748577278144
1.98199639927986,41.9140054465671
1.98239647929586,40.2638725528015
1.98279655931186,38.6329016776563
1.98319663932787,37.0291217374193
1.98359671934387,35.460140049452
1.98399679935987,33.9331367504095
1.98439687937588,32.4548614706244
1.98479695939188,31.0316322085108
1.98519703940788,29.6693363393086
1.98559711942388,28.3734336831026
1.98599719943989,27.1489615482555
1.98639727945589,26.0005416583584
1.98679735947189,24.932388862849
1.9871974394879,23.948321524444
1.9875975195039,23.0517734700707
1.9879975995199,22.2458073858957
1.98839767953591,21.5331295320348
1.98879775955191,20.9161056478247
1.98919783956791,20.396777914642
1.98959791958392,19.9768828402696
1.98999799959992,19.6578699260353
1.99039807961592,19.440920976518
1.99079815963193,19.3269699104267
1.99119823964793,19.3167229309571
1.99159831966393,19.410678914425
1.99199839967994,19.6091498770726
1.99239847969594,19.9122813817476
1.99279855971194,20.3200727487851
1.99319863972795,20.8323969384749
1.99359871974395,21.4490199765428
1.99399879975995,22.1696197983709
1.99439887977596,22.9938043929555
1.99479895979196,23.92112913322
1.99519903980796,24.9511131854965
1.99559911982396,26.0832548978415
1.99599919983997,27.3170460740395
1.99639927985597,28.6519850478573
1.99679935987197,30.0875884802326
1.99719943988798,31.6234018105566
1.99759951990398,33.2590083019809
1.99799959991998,34.9940366298206
1.99839967993599,36.8281669714131
1.99879975995199,38.7611355653248
1.99919983996799,40.7927377174958
1.999599919984,42.9228292416102
2,45.1513263308523
